sourceId,community_id,title,summary,rating,rating_explanation,finding_summary,finding_explanation
A,0,A公司及其核心价值观与技术创新,A公司是一家在国际市场上崭露头角的技术公司，致力于技术研发和市场推广。其企业文化和价值观深刻影响着员工行为，促进了公司的持续发展。尽管面临资金紧张的挑战，A公司通过建立职业晋升体系和激励机制，吸引了众多顶尖技术人才，逐步形成了技术垄断的地位。然而，技术垄断可能对市场竞争和产品多样性构成威胁。,7.5,A公司在技术领域的主导地位可能影响市场竞争，带来一定的全球性风险。,A公司的技术创新能力,A公司通过成立技术研发中心，专注于技术创新和研发，吸引了大量技术人才。该中心的成立不仅提升了公司的技术实力，也为其旗舰产品的开发提供了强有力的支持。A公司在技术领域的持续投入，使其在国际市场上逐渐获得认可，形成了技术垄断的局面。
A,0,A公司及其核心价值观与技术创新,A公司是一家在国际市场上崭露头角的技术公司，致力于技术研发和市场推广。其企业文化和价值观深刻影响着员工行为，促进了公司的持续发展。尽管面临资金紧张的挑战，A公司通过建立职业晋升体系和激励机制，吸引了众多顶尖技术人才，逐步形成了技术垄断的地位。然而，技术垄断可能对市场竞争和产品多样性构成威胁。,7.5,A公司在技术领域的主导地位可能影响市场竞争，带来一定的全球性风险。,企业文化对员工的影响,A公司的企业文化以人为本，强调创新、协作、责任和共赢。这种文化不仅激发了员工的积极性和创造力，还增强了他们的归属感和参与感。企业文化的建设为公司的整体发展奠定了坚实的基础，促进了员工的职业发展和团队合作。
A,0,A公司及其核心价值观与技术创新,A公司是一家在国际市场上崭露头角的技术公司，致力于技术研发和市场推广。其企业文化和价值观深刻影响着员工行为，促进了公司的持续发展。尽管面临资金紧张的挑战，A公司通过建立职业晋升体系和激励机制，吸引了众多顶尖技术人才，逐步形成了技术垄断的地位。然而，技术垄断可能对市场竞争和产品多样性构成威胁。,7.5,A公司在技术领域的主导地位可能影响市场竞争，带来一定的全球性风险。,市场推广策略的有效性,A公司通过市场推广策略，满足多样化的市场需求，成功推出了多条新产品线。市场推广活动不仅提升了品牌知名度，还增强了客户的忠诚度。A公司的旗舰产品在市场上的成功，充分体现了其市场推广策略的有效性和公司在行业中的领导地位。
A,0,A公司及其核心价值观与技术创新,A公司是一家在国际市场上崭露头角的技术公司，致力于技术研发和市场推广。其企业文化和价值观深刻影响着员工行为，促进了公司的持续发展。尽管面临资金紧张的挑战，A公司通过建立职业晋升体系和激励机制，吸引了众多顶尖技术人才，逐步形成了技术垄断的地位。然而，技术垄断可能对市场竞争和产品多样性构成威胁。,7.5,A公司在技术领域的主导地位可能影响市场竞争，带来一定的全球性风险。,职业晋升体系与激励机制,A公司建立了完善的职业晋升体系和激励机制，以支持员工的职业发展。通过提供晋升机会和奖励优秀员工，A公司有效地激发了员工的积极性和创造力。这种制度的实施，不仅提升了员工的工作满意度，也为公司的持续发展提供了动力。
A,0,A公司及其核心价值观与技术创新,A公司是一家在国际市场上崭露头角的技术公司，致力于技术研发和市场推广。其企业文化和价值观深刻影响着员工行为，促进了公司的持续发展。尽管面临资金紧张的挑战，A公司通过建立职业晋升体系和激励机制，吸引了众多顶尖技术人才，逐步形成了技术垄断的地位。然而，技术垄断可能对市场竞争和产品多样性构成威胁。,7.5,A公司在技术领域的主导地位可能影响市场竞争，带来一定的全球性风险。,资金紧张对公司的挑战,在创业初期，A公司面临资金紧张的挑战，每一分钱都需精打细算。尽管如此，A公司通过有效的资金管理和战略规划，逐步克服了这一困难，成功吸引了投资，推动了公司的发展。资金的合理运用为公司的技术研发和市场推广提供了保障。
A,0,A公司及其核心价值观与技术创新,A公司是一家在国际市场上崭露头角的技术公司，致力于技术研发和市场推广。其企业文化和价值观深刻影响着员工行为，促进了公司的持续发展。尽管面临资金紧张的挑战，A公司通过建立职业晋升体系和激励机制，吸引了众多顶尖技术人才，逐步形成了技术垄断的地位。然而，技术垄断可能对市场竞争和产品多样性构成威胁。,7.5,A公司在技术领域的主导地位可能影响市场竞争，带来一定的全球性风险。,国际影响力的逐步提升,A公司通过不断的技术创新和市场拓展，逐渐成长为具有国际影响力的知名企业。其在全球范围内的知名度和影响力，标志着其在行业中的地位。国际影响力的提升，不仅为A公司带来了更多的商业机会，也增强了其在市场竞争中的优势。
A,0,A公司及其核心价值观与技术创新,A公司是一家在国际市场上崭露头角的技术公司，致力于技术研发和市场推广。其企业文化和价值观深刻影响着员工行为，促进了公司的持续发展。尽管面临资金紧张的挑战，A公司通过建立职业晋升体系和激励机制，吸引了众多顶尖技术人才，逐步形成了技术垄断的地位。然而，技术垄断可能对市场竞争和产品多样性构成威胁。,7.5,A公司在技术领域的主导地位可能影响市场竞争，带来一定的全球性风险。,技术垄断的潜在风险,A公司在技术领域的主导地位可能导致市场竞争的减少，影响产品的多样性。技术垄断可能使得其他企业难以进入市场，从而限制了创新和消费者选择。这一现象引发了对市场公平性和可持续发展的担忧，需引起重视。
A,1,A公司技术创新团队,A公司技术创新团队由技术精英组成，专注于市场调研和技术难题的解决，经过多次实验与失败，最终成功研发出具有突破性的技术成果。团队的紧密合作和持续努力是其成功的关键，但在技术研发过程中也面临着诸多挑战和威胁。,7.5,该社区的技术创新能力强，但面临的技术难题和失败风险可能对行业产生较大影响。,团队的坚持与创新能力,A公司的技术团队在面对复杂的技术难题时，展现出了极大的坚持和创新能力。他们通过不断的实验和调整，最终成功研发出技术成果，这一过程不仅体现了团队的韧性，也为公司的技术发展奠定了坚实的基础。
A,1,A公司技术创新团队,A公司技术创新团队由技术精英组成，专注于市场调研和技术难题的解决，经过多次实验与失败，最终成功研发出具有突破性的技术成果。团队的紧密合作和持续努力是其成功的关键，但在技术研发过程中也面临着诸多挑战和威胁。,7.5,该社区的技术创新能力强，但面临的技术难题和失败风险可能对行业产生较大影响。,市场调研的重要性,市场调研是技术精英们进行深入研究的关键环节，通过收集相关技术资料和研究报告，团队能够更好地理解市场需求和技术趋势，从而为解决技术难题提供有力支持。
A,1,A公司技术创新团队,A公司技术创新团队由技术精英组成，专注于市场调研和技术难题的解决，经过多次实验与失败，最终成功研发出具有突破性的技术成果。团队的紧密合作和持续努力是其成功的关键，但在技术研发过程中也面临着诸多挑战和威胁。,7.5,该社区的技术创新能力强，但面临的技术难题和失败风险可能对行业产生较大影响。,技术成果的突破性,经过无数次失败与尝试，A公司最终成功研发出的技术成果在性能上实现了质的飞跃。这一成果不仅解决了长期以来困扰的技术难题，也为公司在行业内的竞争力提升提供了强有力的支撑。
A,1,A公司技术创新团队,A公司技术创新团队由技术精英组成，专注于市场调研和技术难题的解决，经过多次实验与失败，最终成功研发出具有突破性的技术成果。团队的紧密合作和持续努力是其成功的关键，但在技术研发过程中也面临着诸多挑战和威胁。,7.5,该社区的技术创新能力强，但面临的技术难题和失败风险可能对行业产生较大影响。,技术难题的复杂性,A公司在实验过程中面临了一系列复杂的技术难题，这些问题的解决具有相当的艰巨性。团队意识到，必须从基础理论入手进行深入研究，才能找到有效的解决方案。
A,1,A公司技术创新团队,A公司技术创新团队由技术精英组成，专注于市场调研和技术难题的解决，经过多次实验与失败，最终成功研发出具有突破性的技术成果。团队的紧密合作和持续努力是其成功的关键，但在技术研发过程中也面临着诸多挑战和威胁。,7.5,该社区的技术创新能力强，但面临的技术难题和失败风险可能对行业产生较大影响。,解决方案的多样性,技术难题促使团队成员们进行激烈讨论，探索各种可能的解决方案。这种多样化的思维方式不仅有助于应对当前的挑战，也为未来的技术创新提供了新的视角和思路。
A,2,A公司新品发布会社区,A公司的新品发布会社区由媒体记者、行业专家和用户代表组成，三者通过参与新品发布会相互关联，共同推动品牌知名度的提升。该社区面临的主要威胁包括信息传播不当和公众信任度下降。,6.5,该社区的潜在威胁主要源于信息传播的准确性和公众对品牌的信任。,媒体记者的角色至关重要,媒体记者在新品发布会中负责报道A公司的产品发布，他们的报道直接影响公众对产品的认知和品牌形象。若媒体报道不准确或偏颇，可能导致消费者对产品的误解，从而影响销售和品牌声誉。
A,2,A公司新品发布会社区,A公司的新品发布会社区由媒体记者、行业专家和用户代表组成，三者通过参与新品发布会相互关联，共同推动品牌知名度的提升。该社区面临的主要威胁包括信息传播不当和公众信任度下降。,6.5,该社区的潜在威胁主要源于信息传播的准确性和公众对品牌的信任。,行业专家的专业性增强信任,行业专家的参与为新品发布会增添了专业性，他们的见证和评价能够提升产品的可信度。专家的正面评价可以有效增强消费者的信任感，反之则可能对品牌造成负面影响。
A,2,A公司新品发布会社区,A公司的新品发布会社区由媒体记者、行业专家和用户代表组成，三者通过参与新品发布会相互关联，共同推动品牌知名度的提升。该社区面临的主要威胁包括信息传播不当和公众信任度下降。,6.5,该社区的潜在威胁主要源于信息传播的准确性和公众对品牌的信任。,用户代表的体验反馈重要,用户代表在发布会中亲身体验A公司的旗舰产品，他们的反馈对潜在消费者的购买决策具有重要影响。积极的用户体验能够促进口碑传播，而负面的体验则可能导致品牌形象受损。
A,2,A公司新品发布会社区,A公司的新品发布会社区由媒体记者、行业专家和用户代表组成，三者通过参与新品发布会相互关联，共同推动品牌知名度的提升。该社区面临的主要威胁包括信息传播不当和公众信任度下降。,6.5,该社区的潜在威胁主要源于信息传播的准确性和公众对品牌的信任。,新品发布会的组织质量影响整体效果,新品发布会的组织质量直接影响参与者的体验和对品牌的印象。若活动组织不当，可能导致参与者的不满，从而影响媒体报道和公众反应。
A,2,A公司新品发布会社区,A公司的新品发布会社区由媒体记者、行业专家和用户代表组成，三者通过参与新品发布会相互关联，共同推动品牌知名度的提升。该社区面临的主要威胁包括信息传播不当和公众信任度下降。,6.5,该社区的潜在威胁主要源于信息传播的准确性和公众对品牌的信任。,信息传播的准确性至关重要,在数字化时代，信息传播的速度和准确性对品牌形象至关重要。任何错误的信息传播都可能迅速扩散，导致品牌声誉受损，甚至引发公众信任危机。
A,3,A公司技术团队与新产品开发,A公司的技术团队致力于解决核心技术相关的技术难题，并在此过程中进行新产品的稳定性测试。团队的努力和坚持为公司在技术领域的创新奠定了基础，但也面临着技术挑战和市场竞争的威胁。,7.5,该社区的技术挑战和新产品开发可能对行业产生重大影响，尤其是在缺乏成熟解决方案的情况下。,技术团队的坚持与执着,A公司的技术团队在面对核心技术的挑战时展现出极大的坚持与执着。他们不仅在技术难题上不断探索，还积极寻求创新解决方案。这种精神不仅提升了团队的士气，也为公司的技术进步提供了动力。
A,3,A公司技术团队与新产品开发,A公司的技术团队致力于解决核心技术相关的技术难题，并在此过程中进行新产品的稳定性测试。团队的努力和坚持为公司在技术领域的创新奠定了基础，但也面临着技术挑战和市场竞争的威胁。,7.5,该社区的技术挑战和新产品开发可能对行业产生重大影响，尤其是在缺乏成熟解决方案的情况下。,新产品的稳定性测试,A公司正在测试的新产品是其技术团队努力的结果。团队为确保产品的稳定性而进行连续的测试，显示出对产品质量的高度重视。这种测试不仅有助于发现潜在问题，还能增强客户对产品的信任。
A,3,A公司技术团队与新产品开发,A公司的技术团队致力于解决核心技术相关的技术难题，并在此过程中进行新产品的稳定性测试。团队的努力和坚持为公司在技术领域的创新奠定了基础，但也面临着技术挑战和市场竞争的威胁。,7.5,该社区的技术挑战和新产品开发可能对行业产生重大影响，尤其是在缺乏成熟解决方案的情况下。,核心技术的挑战,核心技术是A公司面临的关键领域，全球尚无成熟解决方案。这使得技术团队的工作变得尤为重要，因为他们需要在没有现成参考的情况下进行创新。这种挑战虽然艰巨，但也为公司提供了独特的市场机会。
A,3,A公司技术团队与新产品开发,A公司的技术团队致力于解决核心技术相关的技术难题，并在此过程中进行新产品的稳定性测试。团队的努力和坚持为公司在技术领域的创新奠定了基础，但也面临着技术挑战和市场竞争的威胁。,7.5,该社区的技术挑战和新产品开发可能对行业产生重大影响，尤其是在缺乏成熟解决方案的情况下。,团队与产品的紧密关系,技术团队与新产品之间的关系非常紧密。团队不仅负责技术难题的解决，还直接参与新产品的开发和测试。这种协作模式确保了技术的创新能够迅速转化为市场上的新产品，提升了公司的竞争力。
A,3,A公司技术团队与新产品开发,A公司的技术团队致力于解决核心技术相关的技术难题，并在此过程中进行新产品的稳定性测试。团队的努力和坚持为公司在技术领域的创新奠定了基础，但也面临着技术挑战和市场竞争的威胁。,7.5,该社区的技术挑战和新产品开发可能对行业产生重大影响，尤其是在缺乏成熟解决方案的情况下。,市场竞争的威胁,尽管A公司的技术团队在技术创新方面表现出色，但市场竞争依然是一个重大威胁。其他公司也在积极研发类似技术，可能会影响A公司的市场份额。因此，持续的技术创新和产品优化是保持竞争优势的关键。
A,4,A公司创始人与年轻人团队,A公司由一位充满激情的32岁创始人领导，周围聚集了一群同样热爱技术的年轻人，他们共同面对创业过程中的挑战，形成了紧密的团队关系。该社区的主要威胁来自于技术快速变化带来的不确定性和市场竞争压力。,6.5,该社区面临的技术和市场挑战可能对其长期生存和发展构成威胁。,创始人的领导能力,A公司的创始人以其卓越的领导能力和对技术的热爱，成功吸引了一群志同道合的年轻人。作为团队的核心，他不仅提供了技术方向，还激励团队成员共同克服创业过程中的各种挑战。
A,4,A公司创始人与年轻人团队,A公司由一位充满激情的32岁创始人领导，周围聚集了一群同样热爱技术的年轻人，他们共同面对创业过程中的挑战，形成了紧密的团队关系。该社区的主要威胁来自于技术快速变化带来的不确定性和市场竞争压力。,6.5,该社区面临的技术和市场挑战可能对其长期生存和发展构成威胁。,年轻人的支持与参与,年轻人群体在创始人的带领下，积极参与公司的各项工作。他们的热情和创新思维为公司注入了新的活力，使得团队在面对困难时能够保持积极的态度和创造力。
A,4,A公司创始人与年轻人团队,A公司由一位充满激情的32岁创始人领导，周围聚集了一群同样热爱技术的年轻人，他们共同面对创业过程中的挑战，形成了紧密的团队关系。该社区的主要威胁来自于技术快速变化带来的不确定性和市场竞争压力。,6.5,该社区面临的技术和市场挑战可能对其长期生存和发展构成威胁。,技术快速变化的挑战,在技术行业，快速变化是常态。A公司需要不断适应新的技术趋势，以保持竞争力。创始人和年轻人必须时刻关注市场动态，及时调整公司的战略和产品方向。
A,4,A公司创始人与年轻人团队,A公司由一位充满激情的32岁创始人领导，周围聚集了一群同样热爱技术的年轻人，他们共同面对创业过程中的挑战，形成了紧密的团队关系。该社区的主要威胁来自于技术快速变化带来的不确定性和市场竞争压力。,6.5,该社区面临的技术和市场挑战可能对其长期生存和发展构成威胁。,市场竞争压力,随着技术创业公司的增多，A公司面临着日益激烈的市场竞争。其他公司可能会推出更具吸引力的产品或服务，这要求A公司不断创新，以维持其市场份额。
A,4,A公司创始人与年轻人团队,A公司由一位充满激情的32岁创始人领导，周围聚集了一群同样热爱技术的年轻人，他们共同面对创业过程中的挑战，形成了紧密的团队关系。该社区的主要威胁来自于技术快速变化带来的不确定性和市场竞争压力。,6.5,该社区面临的技术和市场挑战可能对其长期生存和发展构成威胁。,团队凝聚力的重要性,创始人与年轻人之间的紧密关系是A公司成功的关键。团队的凝聚力使得成员能够在面对挑战时相互支持，共同寻找解决方案，从而提高了公司的抗压能力。
A,5,A公司创新项目与员工关系,A公司通过设立专项基金支持员工提出的创新项目，形成了一个积极向上的社区氛围，员工在轻松愉快的环境中相互学习和进步，推动公司的持续发展。然而，创新项目的实施和管理可能面临资源分配不均和项目可行性评估不足的威胁。,6.5,创新项目的成功与否直接影响公司的发展，若管理不善可能导致资源浪费和员工士气下降。,创新项目的支持机制,A公司设立专项基金以支持员工提出的创新项目，这一机制鼓励员工积极参与公司的发展。通过资金的投入，员工能够将自己的创意转化为实际项目，从而提升公司的竞争力和市场适应能力。
A,5,A公司创新项目与员工关系,A公司通过设立专项基金支持员工提出的创新项目，形成了一个积极向上的社区氛围，员工在轻松愉快的环境中相互学习和进步，推动公司的持续发展。然而，创新项目的实施和管理可能面临资源分配不均和项目可行性评估不足的威胁。,6.5,创新项目的成功与否直接影响公司的发展，若管理不善可能导致资源浪费和员工士气下降。,员工的核心地位,员工是A公司的核心，公司的成功依赖于他们的创造力和执行力。公司通过营造轻松愉快的工作氛围，促进员工之间的相互学习和合作，增强团队凝聚力，进而推动整体业绩的提升。
A,5,A公司创新项目与员工关系,A公司通过设立专项基金支持员工提出的创新项目，形成了一个积极向上的社区氛围，员工在轻松愉快的环境中相互学习和进步，推动公司的持续发展。然而，创新项目的实施和管理可能面临资源分配不均和项目可行性评估不足的威胁。,6.5,创新项目的成功与否直接影响公司的发展，若管理不善可能导致资源浪费和员工士气下降。,创新项目的实施挑战,尽管创新项目受到支持，但在实施过程中可能面临资源分配不均和项目可行性评估不足的问题。这些挑战可能导致一些项目无法顺利推进，影响员工的积极性和公司的创新能力。
A,5,A公司创新项目与员工关系,A公司通过设立专项基金支持员工提出的创新项目，形成了一个积极向上的社区氛围，员工在轻松愉快的环境中相互学习和进步，推动公司的持续发展。然而，创新项目的实施和管理可能面临资源分配不均和项目可行性评估不足的威胁。,6.5,创新项目的成功与否直接影响公司的发展，若管理不善可能导致资源浪费和员工士气下降。,公司文化的影响,A公司注重营造开放和包容的公司文化，这种文化鼓励员工提出新想法并参与决策过程。良好的公司文化不仅提升了员工的满意度，也为创新项目的成功实施提供了良好的基础。
A,5,A公司创新项目与员工关系,A公司通过设立专项基金支持员工提出的创新项目，形成了一个积极向上的社区氛围，员工在轻松愉快的环境中相互学习和进步，推动公司的持续发展。然而，创新项目的实施和管理可能面临资源分配不均和项目可行性评估不足的威胁。,6.5,创新项目的成功与否直接影响公司的发展，若管理不善可能导致资源浪费和员工士气下降。,员工激励机制,A公司通过多种激励措施来鼓励员工参与创新项目，包括奖金、晋升机会和表彰。这些激励措施有效提升了员工的参与度和项目的成功率，促进了公司的持续发展。
