name,type,chunkId,source
Vespa电动车,产品,8070d5190731be45f8dd286c2cddf1a3,GOWEI
颜色选项,其他,8070d5190731be45f8dd286c2cddf1a3,GOWEI
设计,其他,8070d5190731be45f8dd286c2cddf1a3,GOWEI
后轮220mm碟刹片,产品,8bd7308a61a94862fc4abf1264ce35f3,GOWEI
金色的卡钳,产品,8bd7308a61a94862fc4abf1264ce35f3,GOWEI
时尚的配色,其他,8bd7308a61a94862fc4abf1264ce35f3,GOWEI
设计,其他,8bd7308a61a94862fc4abf1264ce35f3,GOWEI
GOWEI CP900电动两轮车,产品,8bd7308a61a94862fc4abf1264ce35f3,GOWEI
电动车,产品,863473d655764d5b0c21bc417afcd70f,GOWEI
尾灯,其他,863473d655764d5b0c21bc417afcd70f,GOWEI
牌照部分,其他,863473d655764d5b0c21bc417afcd70f,GOWEI
夜间安全性能,其他,863473d655764d5b0c21bc417afcd70f,GOWEI
GOWEI 外卖车,产品,863473d655764d5b0c21bc417afcd70f,GOWEI
测评,其他,863473d655764d5b0c21bc417afcd70f,GOWEI
大型的仓库,其他,3ffda3b3fc53ea492fbd143960f14182,GOWEI
包装好的电动滑板车,产品,3ffda3b3fc53ea492fbd143960f14182,GOWEI
红色的消防喷淋管道,其他,3ffda3b3fc53ea492fbd143960f14182,GOWEI
仓库的墙壁,其他,3ffda3b3fc53ea492fbd143960f14182,GOWEI
窗户,其他,3ffda3b3fc53ea492fbd143960f14182,GOWEI
自然光,其他,3ffda3b3fc53ea492fbd143960f14182,GOWEI
打包仓库,其他,3ffda3b3fc53ea492fbd143960f14182,GOWEI
电动车,产品,0ee1b4eda1c0672b1465cbf2b7059013,GOWEI
数字化仪表盘,科技,0ee1b4eda1c0672b1465cbf2b7059013,GOWEI
速度,其他,0ee1b4eda1c0672b1465cbf2b7059013,GOWEI
电量,其他,0ee1b4eda1c0672b1465cbf2b7059013,GOWEI
现代化技术,科技,0ee1b4eda1c0672b1465cbf2b7059013,GOWEI
Vespa电动车,产品,0ee1b4eda1c0672b1465cbf2b7059013,GOWEI
穿着头盔和骑行装备的人,其他,1e16e82780d67bb1aac8f46f0272069d,GOWEI
电动车,产品,1e16e82780d67bb1aac8f46f0272069d,GOWEI
绿色的巷道,其他,1e16e82780d67bb1aac8f46f0272069d,GOWEI
电动车的实用场景,其他,1e16e82780d67bb1aac8f46f0272069d,GOWEI
操作者的安全措施,其他,1e16e82780d67bb1aac8f46f0272069d,GOWEI
GOWEI CP900电动两轮车,产品,1e16e82780d67bb1aac8f46f0272069d,GOWEI
操作人员,其他,dcab1a590557fd0edd08d0fd60af368d,GOWEI
叉车,产品,dcab1a590557fd0edd08d0fd60af368d,GOWEI
货物箱,产品,dcab1a590557fd0edd08d0fd60af368d,GOWEI
标签'FORTE',其他,dcab1a590557fd0edd08d0fd60af368d,GOWEI
卡车,产品,dcab1a590557fd0edd08d0fd60af368d,GOWEI
工作服,其他,dcab1a590557fd0edd08d0fd60af368d,GOWEI
橙色,其他,dcab1a590557fd0edd08d0fd60af368d,GOWEI
外卖员,其他,2d20f933b0a93c019696ee94c942ef29,GOWEI
黄色外套,其他,2d20f933b0a93c019696ee94c942ef29,GOWEI
绿树成荫的路,其他,2d20f933b0a93c019696ee94c942ef29,GOWEI
车辆,其他,2d20f933b0a93c019696ee94c942ef29,GOWEI
公园,其他,2d20f933b0a93c019696ee94c942ef29,GOWEI
GOWEI 外卖车,产品,2d20f933b0a93c019696ee94c942ef29,GOWEI
测评,其他,2d20f933b0a93c019696ee94c942ef29,GOWEI
电动车,产品,027541f46814d0a7e009632306d9906f,GOWEI
前灯设计,其他,027541f46814d0a7e009632306d9906f,GOWEI
灯具设计,其他,027541f46814d0a7e009632306d9906f,GOWEI
照明性能,其他,027541f46814d0a7e009632306d9906f,GOWEI
GOWEI CP900电动两轮车,产品,027541f46814d0a7e009632306d9906f,GOWEI
视频,其他,feb1d54cd2be2cd946252c81b1b2f064,GOWEI
工人,其他,feb1d54cd2be2cd946252c81b1b2f064,GOWEI
叉车,产品,feb1d54cd2be2cd946252c81b1b2f064,GOWEI
货物,其他,feb1d54cd2be2cd946252c81b1b2f064,GOWEI
集装箱,其他,feb1d54cd2be2cd946252c81b1b2f064,GOWEI
箱子,其他,feb1d54cd2be2cd946252c81b1b2f064,GOWEI
ELECTRIC SCOOTER,产品,feb1d54cd2be2cd946252c81b1b2f064,GOWEI
电动滑板车,产品,feb1d54cd2be2cd946252c81b1b2f064,GOWEI
装柜,其他,feb1d54cd2be2cd946252c81b1b2f064,GOWEI
外卖员,其他,f88e7277a172bc8b6de9531404fc9014,GOWEI
电动车,产品,f88e7277a172bc8b6de9531404fc9014,GOWEI
稳定性,其他,f88e7277a172bc8b6de9531404fc9014,GOWEI
GOWEI 外卖车测评,其他,f88e7277a172bc8b6de9531404fc9014,GOWEI
仪表盘,其他,f8af9064680b31adee8c880bee042b0c,GOWEI
驾驶视角,其他,f8af9064680b31adee8c880bee042b0c,GOWEI
信息展示,其他,f8af9064680b31adee8c880bee042b0c,GOWEI
易用性,其他,f8af9064680b31adee8c880bee042b0c,GOWEI
Vespa,企业文化,f8af9064680b31adee8c880bee042b0c,GOWEI
Vespa电动车,产品,f8af9064680b31adee8c880bee042b0c,GOWEI
高精度CNC铝制减震,产品,45b3dfa0f7d9d64e4ed7a63b1cd61e30,GOWEI
电动车,产品,45b3dfa0f7d9d64e4ed7a63b1cd61e30,GOWEI
GOWEI CP900电动两轮车,产品,45b3dfa0f7d9d64e4ed7a63b1cd61e30,GOWEI
叉车,产品,3a5a32dfd37f683386a9e37f107a3ef2,GOWEI
箱子,产品,3a5a32dfd37f683386a9e37f107a3ef2,GOWEI
FORTE,其他,3a5a32dfd37f683386a9e37f107a3ef2,GOWEI
叉车的叉子部分,产品,3a5a32dfd37f683386a9e37f107a3ef2,GOWEI
装柜,其他,3a5a32dfd37f683386a9e37f107a3ef2,GOWEI
电动车,产品,02ae23051f0089271a622bb2c0236a36,GOWEI
前轮,其他,02ae23051f0089271a622bb2c0236a36,GOWEI
刹车系统,其他,02ae23051f0089271a622bb2c0236a36,GOWEI
机械部件,其他,02ae23051f0089271a622bb2c0236a36,GOWEI
质量,其他,02ae23051f0089271a622bb2c0236a36,GOWEI
设计,其他,02ae23051f0089271a622bb2c0236a36,GOWEI
GOWEI 外卖车,产品,02ae23051f0089271a622bb2c0236a36,GOWEI
内部构造特写,其他,9dde7b5e1cf4918a15ab63deca9a927a,GOWEI
电动车,产品,9dde7b5e1cf4918a15ab63deca9a927a,GOWEI
储物空间,其他,9dde7b5e1cf4918a15ab63deca9a927a,GOWEI
安全头盔,产品,9dde7b5e1cf4918a15ab63deca9a927a,GOWEI
Vespa电动车,产品,9dde7b5e1cf4918a15ab63deca9a927a,GOWEI
叉车,产品,3b815b527833b9b169f95827b410c17e,GOWEI
货物,其他,3b815b527833b9b169f95827b410c17e,GOWEI
纸箱,其他,3b815b527833b9b169f95827b410c17e,GOWEI
叉车司机,其他,3b815b527833b9b169f95827b410c17e,GOWEI
货车,其他,3b815b527833b9b169f95827b410c17e,GOWEI
地面,其他,3b815b527833b9b169f95827b410c17e,GOWEI
装柜,其他,3b815b527833b9b169f95827b410c17e,GOWEI
内部储物空间,其他,06705f8e209c2db2d6b842d3a6f9a3cb,GOWEI
存储容量,其他,06705f8e209c2db2d6b842d3a6f9a3cb,GOWEI
Vespa,企业文化,06705f8e209c2db2d6b842d3a6f9a3cb,GOWEI
Vespa电动车,产品,06705f8e209c2db2d6b842d3a6f9a3cb,GOWEI
外卖员,其他,4b8d4decf768e72dbf95eb8f5906ccbb,GOWEI
电动车,产品,4b8d4decf768e72dbf95eb8f5906ccbb,GOWEI
骑行,其他,4b8d4decf768e72dbf95eb8f5906ccbb,GOWEI
舒适度,其他,4b8d4decf768e72dbf95eb8f5906ccbb,GOWEI
GOWEI 外卖车,产品,4b8d4decf768e72dbf95eb8f5906ccbb,GOWEI
测评,其他,4b8d4decf768e72dbf95eb8f5906ccbb,GOWEI
电动车,产品,06340e665883891639d2c10595f504be,GOWEI
后轮减震器,产品,06340e665883891639d2c10595f504be,GOWEI
轮辋,产品,06340e665883891639d2c10595f504be,GOWEI
X型的强化设计,其他,06340e665883891639d2c10595f504be,GOWEI
减震功能,其他,06340e665883891639d2c10595f504be,GOWEI
稳定性,其他,06340e665883891639d2c10595f504be,GOWEI
耐用性,其他,06340e665883891639d2c10595f504be,GOWEI
GOWEI CP900电动两轮车,产品,06340e665883891639d2c10595f504be,GOWEI
工人,其他,9e6912f99177234adf55b9b56974d740,GOWEI
叉车,产品,9e6912f99177234adf55b9b56974d740,GOWEI
货物,其他,9e6912f99177234adf55b9b56974d740,GOWEI
红色的纸箱,产品,9e6912f99177234adf55b9b56974d740,GOWEI
英文,其他,9e6912f99177234adf55b9b56974d740,GOWEI
集装箱,产品,9e6912f99177234adf55b9b56974d740,GOWEI
蓝色的,其他,9e6912f99177234adf55b9b56974d740,GOWEI
背景,其他,9e6912f99177234adf55b9b56974d740,GOWEI
室外,其他,9e6912f99177234adf55b9b56974d740,GOWEI
蓝天白云,其他,9e6912f99177234adf55b9b56974d740,GOWEI
水泥地,其他,9e6912f99177234adf55b9b56974d740,GOWEI
卡车,产品,9e6912f99177234adf55b9b56974d740,GOWEI
装柜,其他,9e6912f99177234adf55b9b56974d740,GOWEI
顾客,其他,83cdebffe300aa0c7e70f21baebff26e,GOWEI
江苏GOWEI摩托车公司,企业文化,83cdebffe300aa0c7e70f21baebff26e,GOWEI
电动两轮车,产品,83cdebffe300aa0c7e70f21baebff26e,GOWEI
公司介绍横幅,其他,83cdebffe300aa0c7e70f21baebff26e,GOWEI
公司信息,其他,83cdebffe300aa0c7e70f21baebff26e,GOWEI
产品特点,其他,83cdebffe300aa0c7e70f21baebff26e,GOWEI
地毯,其他,83cdebffe300aa0c7e70f21baebff26e,GOWEI
蓝色,其他,83cdebffe300aa0c7e70f21baebff26e,GOWEI
白色花朵图案,其他,83cdebffe300aa0c7e70f21baebff26e,GOWEI
场景,其他,83cdebffe300aa0c7e70f21baebff26e,GOWEI
专业感,其他,83cdebffe300aa0c7e70f21baebff26e,GOWEI
现代感,其他,83cdebffe300aa0c7e70f21baebff26e,GOWEI
客户试驾GOWEI电动两轮车,其他,83cdebffe300aa0c7e70f21baebff26e,GOWEI
电动车,产品,d6e02e4a113bcf7d2ca483add4c50154,GOWEI
驾驶器械,其他,d6e02e4a113bcf7d2ca483add4c50154,GOWEI
后视镜,其他,d6e02e4a113bcf7d2ca483add4c50154,GOWEI
手把,其他,d6e02e4a113bcf7d2ca483add4c50154,GOWEI
车辆控制部分,其他,d6e02e4a113bcf7d2ca483add4c50154,GOWEI
Vespa电动车,产品,d6e02e4a113bcf7d2ca483add4c50154,GOWEI
外卖员,其他,a4e95b55b86739bcd2e18dab8263987a,GOWEI
钢架,其他,a4e95b55b86739bcd2e18dab8263987a,GOWEI
塑料袋,其他,a4e95b55b86739bcd2e18dab8263987a,GOWEI
商品,其他,a4e95b55b86739bcd2e18dab8263987a,GOWEI
电动车,产品,a4e95b55b86739bcd2e18dab8263987a,GOWEI
外卖车,产品,a4e95b55b86739bcd2e18dab8263987a,GOWEI
实用载物功能,其他,a4e95b55b86739bcd2e18dab8263987a,GOWEI
后轮,其他,39561581d6fe1c0d8cef5e5be6f26624,GOWEI
减震设计,其他,39561581d6fe1c0d8cef5e5be6f26624,GOWEI
轮辋,其他,39561581d6fe1c0d8cef5e5be6f26624,GOWEI
高性能的减震,其他,39561581d6fe1c0d8cef5e5be6f26624,GOWEI
支撑能力,其他,39561581d6fe1c0d8cef5e5be6f26624,GOWEI
GOWEI CP900电动两轮车,产品,39561581d6fe1c0d8cef5e5be6f26624,GOWEI
三轮车,产品,da491b1ad45ed3e1501ba363616561d1,GOWEI
仪表盘,其他,da491b1ad45ed3e1501ba363616561d1,GOWEI
速度,其他,da491b1ad45ed3e1501ba363616561d1,GOWEI
电量显示,其他,da491b1ad45ed3e1501ba363616561d1,GOWEI
功能指示,其他,da491b1ad45ed3e1501ba363616561d1,GOWEI
驾驶模式,其他,da491b1ad45ed3e1501ba363616561d1,GOWEI
GOWEI休闲电动三轮车,产品,da491b1ad45ed3e1501ba363616561d1,GOWEI
仓库,其他,28df365e8d2d95fd3f774d0977ef8c53,GOWEI
工人,其他,28df365e8d2d95fd3f774d0977ef8c53,GOWEI
红色的纸箱,产品,28df365e8d2d95fd3f774d0977ef8c53,GOWEI
集装箱,其他,28df365e8d2d95fd3f774d0977ef8c53,GOWEI
纸箱,产品,28df365e8d2d95fd3f774d0977ef8c53,GOWEI
装柜,其他,28df365e8d2d95fd3f774d0977ef8c53,GOWEI
人,其他,3e0f46bf7a9eccc077d81fda8809f11f,GOWEI
棕色外套,其他,3e0f46bf7a9eccc077d81fda8809f11f,GOWEI
白色摩托车头盔,其他,3e0f46bf7a9eccc077d81fda8809f11f,GOWEI
白色的Vespa电动车,产品,3e0f46bf7a9eccc077d81fda8809f11f,GOWEI
公园,其他,3e0f46bf7a9eccc077d81fda8809f11f,GOWEI
绿色的草地,其他,3e0f46bf7a9eccc077d81fda8809f11f,GOWEI
行道树,其他,3e0f46bf7a9eccc077d81fda8809f11f,GOWEI
Vespa电动车,产品,3e0f46bf7a9eccc077d81fda8809f11f,GOWEI
仪表盘,其他,76407bcb54c69936f298c6db1a44a6e3,GOWEI
速度,其他,76407bcb54c69936f298c6db1a44a6e3,GOWEI
电量,其他,76407bcb54c69936f298c6db1a44a6e3,GOWEI
用户界面设计,其他,76407bcb54c69936f298c6db1a44a6e3,GOWEI
GOWEI休闲电动三轮车,产品,76407bcb54c69936f298c6db1a44a6e3,GOWEI
电动车,产品,a4f9bc47ce086ec72ce96bf59510733d,GOWEI
仪表盘,其他,a4f9bc47ce086ec72ce96bf59510733d,GOWEI
速度,其他,a4f9bc47ce086ec72ce96bf59510733d,GOWEI
24公里/小时,其他,a4f9bc47ce086ec72ce96bf59510733d,GOWEI
信息,其他,a4f9bc47ce086ec72ce96bf59510733d,GOWEI
清晰易读,其他,a4f9bc47ce086ec72ce96bf59510733d,GOWEI
GOWEI 外卖车,产品,a4f9bc47ce086ec72ce96bf59510733d,GOWEI
测评,其他,a4f9bc47ce086ec72ce96bf59510733d,GOWEI
电动车,产品,3b6d15f80ea5427e0daed207a366307c,GOWEI
城市自行车道,其他,3b6d15f80ea5427e0daed207a366307c,GOWEI
现代风格拱门,其他,3b6d15f80ea5427e0daed207a366307c,GOWEI
城市高楼,其他,3b6d15f80ea5427e0daed207a366307c,GOWEI
GOWEI CP900电动两轮车,产品,3b6d15f80ea5427e0daed207a366307c,GOWEI
仪表盘,科技,71f77d1a6cd5e5d0eb86a150ee738847,GOWEI
速度,其他,71f77d1a6cd5e5d0eb86a150ee738847,GOWEI
电量,其他,71f77d1a6cd5e5d0eb86a150ee738847,GOWEI
READY模式,其他,71f77d1a6cd5e5d0eb86a150ee738847,GOWEI
SPORT模式,其他,71f77d1a6cd5e5d0eb86a150ee738847,GOWEI
GOWEI休闲电动三轮车,产品,71f77d1a6cd5e5d0eb86a150ee738847,GOWEI
电动车,产品,c7c806f3dc7f5197288233734bb2f819,GOWEI
驾驶者,其他,c7c806f3dc7f5197288233734bb2f819,GOWEI
整体侧视图,其他,c7c806f3dc7f5197288233734bb2f819,GOWEI
设计,其他,c7c806f3dc7f5197288233734bb2f819,GOWEI
现代感,其他,c7c806f3dc7f5197288233734bb2f819,GOWEI
实用性,其他,c7c806f3dc7f5197288233734bb2f819,GOWEI
GOWEI 外卖车测评,其他,c7c806f3dc7f5197288233734bb2f819,GOWEI
驾驶者,其他,3bbafb62bdd87138b231abf012afbff5,GOWEI
安全装备,其他,3bbafb62bdd87138b231abf012afbff5,GOWEI
头盔,其他,3bbafb62bdd87138b231abf012afbff5,GOWEI
桥,其他,3bbafb62bdd87138b231abf012afbff5,GOWEI
电动车,产品,3bbafb62bdd87138b231abf012afbff5,GOWEI
GOWEI CP900电动两轮车,产品,3bbafb62bdd87138b231abf012afbff5,GOWEI
稳定性,其他,3bbafb62bdd87138b231abf012afbff5,GOWEI
路面,其他,3bbafb62bdd87138b231abf012afbff5,GOWEI
正面全景图,其他,9f2bc23a972746243f9d4a95202be13f,GOWEI
三轮车,产品,9f2bc23a972746243f9d4a95202be13f,GOWEI
品牌标志,其他,9f2bc23a972746243f9d4a95202be13f,GOWEI
车灯,其他,9f2bc23a972746243f9d4a95202be13f,GOWEI
设计现代,其他,9f2bc23a972746243f9d4a95202be13f,GOWEI
GOWEI休闲电动三轮车,产品,9f2bc23a972746243f9d4a95202be13f,GOWEI
年轻女性,其他,2385e60c19134b74c28338e998a61556,GOWEI
电动车,产品,2385e60c19134b74c28338e998a61556,GOWEI
GOWEI CP900电动两轮车,产品,2385e60c19134b74c28338e998a61556,GOWEI
手势动作,其他,2385e60c19134b74c28338e998a61556,GOWEI
特点,其他,2385e60c19134b74c28338e998a61556,GOWEI
操作方法,其他,2385e60c19134b74c28338e998a61556,GOWEI
营销展示,其他,2385e60c19134b74c28338e998a61556,GOWEI
Vespa,产品,27817bc2c30fbab254810e4a982b52ae,GOWEI
电动版Vespa摩托车,产品,27817bc2c30fbab254810e4a982b52ae,GOWEI
图片,其他,27817bc2c30fbab254810e4a982b52ae,GOWEI
淡蓝色,其他,27817bc2c30fbab254810e4a982b52ae,GOWEI
棕色的座椅,其他,27817bc2c30fbab254810e4a982b52ae,GOWEI
金属装饰,其他,27817bc2c30fbab254810e4a982b52ae,GOWEI
前后的灯光,其他,27817bc2c30fbab254810e4a982b52ae,GOWEI
车把上的镜子,其他,27817bc2c30fbab254810e4a982b52ae,GOWEI
透明的挡风玻璃,其他,27817bc2c30fbab254810e4a982b52ae,GOWEI
后部附加的行李箱,其他,27817bc2c30fbab254810e4a982b52ae,GOWEI
工作室环境,其他,27817bc2c30fbab254810e4a982b52ae,GOWEI
黑色设备,其他,27817bc2c30fbab254810e4a982b52ae,GOWEI
电动摩托车,产品,27817bc2c30fbab254810e4a982b52ae,GOWEI
Vespa电动车展示,其他,27817bc2c30fbab254810e4a982b52ae,GOWEI
全景图,其他,8c60a08370d627f081e49f4c800ffd1d,GOWEI
红色款式的三轮车,产品,8c60a08370d627f081e49f4c800ffd1d,GOWEI
鲜艳的颜色,其他,8c60a08370d627f081e49f4c800ffd1d,GOWEI
明显的外观设计,其他,8c60a08370d627f081e49f4c800ffd1d,GOWEI
GOWEI休闲电动三轮车,产品,8c60a08370d627f081e49f4c800ffd1d,GOWEI
电动车,产品,2c6172c0ea40104b778f439bac3c4893,GOWEI
后轮,其他,2c6172c0ea40104b778f439bac3c4893,GOWEI
尾灯设计,其他,2c6172c0ea40104b778f439bac3c4893,GOWEI
安全性,其他,2c6172c0ea40104b778f439bac3c4893,GOWEI
美观的设计,其他,2c6172c0ea40104b778f439bac3c4893,GOWEI
GOWEI 外卖车,产品,2c6172c0ea40104b778f439bac3c4893,GOWEI
电动车头部,其他,dbc8c728d9e66b87a7e15e9b758ba45c,GOWEI
车型标志,其他,dbc8c728d9e66b87a7e15e9b758ba45c,GOWEI
设计细节,其他,dbc8c728d9e66b87a7e15e9b758ba45c,GOWEI
品牌识别,其他,dbc8c728d9e66b87a7e15e9b758ba45c,GOWEI
现代感,其他,dbc8c728d9e66b87a7e15e9b758ba45c,GOWEI
GOWEI CP900电动两轮车,产品,dbc8c728d9e66b87a7e15e9b758ba45c,GOWEI
三轮车,产品,85339e6a00f04c19572c3ddc0d1ea25e,GOWEI
座椅,产品,85339e6a00f04c19572c3ddc0d1ea25e,GOWEI
设计,其他,85339e6a00f04c19572c3ddc0d1ea25e,GOWEI
安全结构,其他,85339e6a00f04c19572c3ddc0d1ea25e,GOWEI
乘客,其他,85339e6a00f04c19572c3ddc0d1ea25e,GOWEI
舒适,其他,85339e6a00f04c19572c3ddc0d1ea25e,GOWEI
安全,其他,85339e6a00f04c19572c3ddc0d1ea25e,GOWEI
GOWEI休闲电动三轮车,产品,85339e6a00f04c19572c3ddc0d1ea25e,GOWEI
Vespa,企业文化,c9875192050734c20badc9da39162f5b,GOWEI
Vespa电动车,产品,c9875192050734c20badc9da39162f5b,GOWEI
图片,其他,c9875192050734c20badc9da39162f5b,GOWEI
摩托车,产品,c9875192050734c20badc9da39162f5b,GOWEI
镀铬保险杠,产品,c9875192050734c20badc9da39162f5b,GOWEI
皮质座椅,产品,c9875192050734c20badc9da39162f5b,GOWEI
顶部行李箱,产品,c9875192050734c20badc9da39162f5b,GOWEI
大灯,产品,c9875192050734c20badc9da39162f5b,GOWEI
风挡玻璃,产品,c9875192050734c20badc9da39162f5b,GOWEI
室内环境,其他,c9875192050734c20badc9da39162f5b,GOWEI
摄影灯架,其他,c9875192050734c20badc9da39162f5b,GOWEI
外卖员,其他,4951d93d5fb50aab1f1a196dbadbbd8e,GOWEI
市区道路,其他,4951d93d5fb50aab1f1a196dbadbbd8e,GOWEI
车辆,产品,4951d93d5fb50aab1f1a196dbadbbd8e,GOWEI
城市交通,其他,4951d93d5fb50aab1f1a196dbadbbd8e,GOWEI
GOWEI 外卖车,产品,4951d93d5fb50aab1f1a196dbadbbd8e,GOWEI
测评,其他,4951d93d5fb50aab1f1a196dbadbbd8e,GOWEI
电动摩托车,产品,9adc2bb77cf7c7924c199018be06f301,GOWEI
粉色,其他,9adc2bb77cf7c7924c199018be06f301,GOWEI
灰色,其他,9adc2bb77cf7c7924c199018be06f301,GOWEI
绿色,其他,9adc2bb77cf7c7924c199018be06f301,GOWEI
白色,其他,9adc2bb77cf7c7924c199018be06f301,GOWEI
后备箱,产品,9adc2bb77cf7c7924c199018be06f301,GOWEI
炫彩电镀大灯,产品,9adc2bb77cf7c7924c199018be06f301,GOWEI
A20/B20/C20,科技,9adc2bb77cf7c7924c199018be06f301,GOWEI
215电机30H1000W,科技,9adc2bb77cf7c7924c199018be06f301,GOWEI
12管集成控制器,科技,9adc2bb77cf7c7924c199018be06f301,GOWEI
彩色前轮,产品,9adc2bb77cf7c7924c199018be06f301,GOWEI
前碟后鼓刹,科技,9adc2bb77cf7c7924c199018be06f301,GOWEI
300-10双色轮胎,产品,9adc2bb77cf7c7924c199018be06f301,GOWEI
改装件,产品,9adc2bb77cf7c7924c199018be06f301,GOWEI
脚踏电池盒,产品,9adc2bb77cf7c7924c199018be06f301,GOWEI
带USB,其他,9adc2bb77cf7c7924c199018be06f301,GOWEI
带塑料搁脚,产品,9adc2bb77cf7c7924c199018be06f301,GOWEI
大座筒,产品,9adc2bb77cf7c7924c199018be06f301,GOWEI
飞机把,产品,9adc2bb77cf7c7924c199018be06f301,GOWEI
大挡风,产品,9adc2bb77cf7c7924c199018be06f301,GOWEI
彩色转把,产品,9adc2bb77cf7c7924c199018be06f301,GOWEI
电镀反光镜,产品,9adc2bb77cf7c7924c199018be06f301,GOWEI
高档压花座垫,产品,9adc2bb77cf7c7924c199018be06f301,GOWEI
铝衣架,产品,9adc2bb77cf7c7924c199018be06f301,GOWEI
尾箱,产品,9adc2bb77cf7c7924c199018be06f301,GOWEI
三轮车,产品,a264e2fb9b4e6c772bb2e92a62e58bfe,GOWEI
车身结构,其他,a264e2fb9b4e6c772bb2e92a62e58bfe,GOWEI
入门设计,其他,a264e2fb9b4e6c772bb2e92a62e58bfe,GOWEI
GOWEI休闲电动三轮车,产品,a264e2fb9b4e6c772bb2e92a62e58bfe,GOWEI
座椅,其他,0a545e8e40a0e8a1307b411471c13ed5,GOWEI
舒适设计,其他,0a545e8e40a0e8a1307b411471c13ed5,GOWEI
材质,其他,0a545e8e40a0e8a1307b411471c13ed5,GOWEI
乘坐的舒适性,其他,0a545e8e40a0e8a1307b411471c13ed5,GOWEI
GOWEI CP900电动两轮车,产品,0a545e8e40a0e8a1307b411471c13ed5,GOWEI
手机,其他,e42ec328047da5950e4828b6884c459b,GOWEI
外卖订单,其他,e42ec328047da5950e4828b6884c459b,GOWEI
便利性,其他,e42ec328047da5950e4828b6884c459b,GOWEI
GOWEI 外卖车,产品,e42ec328047da5950e4828b6884c459b,GOWEI
测评,其他,e42ec328047da5950e4828b6884c459b,GOWEI
三轮车,产品,1ae89a68b1169443f732c75efc6b15b1,GOWEI
驾驶舱区域,其他,1ae89a68b1169443f732c75efc6b15b1,GOWEI
驾驶的舒适性,其他,1ae89a68b1169443f732c75efc6b15b1,GOWEI
操作便利性,其他,1ae89a68b1169443f732c75efc6b15b1,GOWEI
GOWEI休闲电动三轮车,产品,1ae89a68b1169443f732c75efc6b15b1,GOWEI
Vespa,企业文化,ea1c2d30d86873824e5b8c5fb2acd39a,GOWEI
Vespa电动车,产品,ea1c2d30d86873824e5b8c5fb2acd39a,GOWEI
银色的Vespa电动车,产品,ea1c2d30d86873824e5b8c5fb2acd39a,GOWEI
前挡风玻璃,其他,ea1c2d30d86873824e5b8c5fb2acd39a,GOWEI
后置行李箱,其他,ea1c2d30d86873824e5b8c5fb2acd39a,GOWEI
摄影棚,其他,ea1c2d30d86873824e5b8c5fb2acd39a,GOWEI
设计,其他,ea1c2d30d86873824e5b8c5fb2acd39a,GOWEI
功能性,其他,ea1c2d30d86873824e5b8c5fb2acd39a,GOWEI
外卖公司制服,其他,10b8c2c30116ffae80672c7d1a8890c9,GOWEI
配送员,其他,10b8c2c30116ffae80672c7d1a8890c9,GOWEI
手机,其他,10b8c2c30116ffae80672c7d1a8890c9,GOWEI
配送信息,其他,10b8c2c30116ffae80672c7d1a8890c9,GOWEI
GOWEI 外卖车,产品,10b8c2c30116ffae80672c7d1a8890c9,GOWEI
测评,其他,10b8c2c30116ffae80672c7d1a8890c9,GOWEI
动态侧面视角,其他,982109cfd91f88b2f739d051015cde8e,GOWEI
电动车,产品,982109cfd91f88b2f739d051015cde8e,GOWEI
公园,其他,982109cfd91f88b2f739d051015cde8e,GOWEI
户外环境,其他,982109cfd91f88b2f739d051015cde8e,GOWEI
GOWEI CP900电动两轮车,产品,982109cfd91f88b2f739d051015cde8e,GOWEI
三轮车,产品,fc7824abc336a93d210b4d6afc6f1d1d,GOWEI
顶部保护架,其他,fc7824abc336a93d210b4d6afc6f1d1d,GOWEI
后部设计,其他,fc7824abc336a93d210b4d6afc6f1d1d,GOWEI
侧后方造型,其他,fc7824abc336a93d210b4d6afc6f1d1d,GOWEI
GOWEI休闲电动三轮车,产品,fc7824abc336a93d210b4d6afc6f1d1d,GOWEI
电动车,产品,6b023ca0b0305d9025c708ec253d5228,GOWEI
车辆前部设计,其他,6b023ca0b0305d9025c708ec253d5228,GOWEI
地面的接触情况,其他,6b023ca0b0305d9025c708ec253d5228,GOWEI
稳定性,其他,6b023ca0b0305d9025c708ec253d5228,GOWEI
设计美感,其他,6b023ca0b0305d9025c708ec253d5228,GOWEI
GOWEI CP900电动两轮车,产品,6b023ca0b0305d9025c708ec253d5228,GOWEI
外卖配送员,其他,33148617e09348a88973daad04b694ab,GOWEI
外卖车,产品,33148617e09348a88973daad04b694ab,GOWEI
城市道路,其他,33148617e09348a88973daad04b694ab,GOWEI
实用性,其他,33148617e09348a88973daad04b694ab,GOWEI
灵活性,其他,33148617e09348a88973daad04b694ab,GOWEI
GOWEI 外卖车测评,其他,33148617e09348a88973daad04b694ab,GOWEI
Vespa,企业文化,263489b1284d3f23b2d10257adae6913,GOWEI
Vespa电动车,产品,263489b1284d3f23b2d10257adae6913,GOWEI
照片,其他,263489b1284d3f23b2d10257adae6913,GOWEI
摩托车,产品,263489b1284d3f23b2d10257adae6913,GOWEI
深灰色,其他,263489b1284d3f23b2d10257adae6913,GOWEI
前后金属护栏,其他,263489b1284d3f23b2d10257adae6913,GOWEI
后部储物箱,其他,263489b1284d3f23b2d10257adae6913,GOWEI
透明的风挡,其他,263489b1284d3f23b2d10257adae6913,GOWEI
侧镜,其他,263489b1284d3f23b2d10257adae6913,GOWEI
经典而现代的设计风格,其他,263489b1284d3f23b2d10257adae6913,GOWEI
简单的白色,其他,263489b1284d3f23b2d10257adae6913,GOWEI
黑色支架,其他,263489b1284d3f23b2d10257adae6913,GOWEI
地面,其他,263489b1284d3f23b2d10257adae6913,GOWEI
细节,其他,263489b1284d3f23b2d10257adae6913,GOWEI
电动车,产品,400b4ee989a03b4484f7260117a2ab80,GOWEI
速度感,其他,400b4ee989a03b4484f7260117a2ab80,GOWEI
操控性,其他,400b4ee989a03b4484f7260117a2ab80,GOWEI
GOWEI CP900电动两轮车,产品,400b4ee989a03b4484f7260117a2ab80,GOWEI
复古摩托车,产品,1e6bb78cd1d82474103ea5b9bac8fd51,GOWEI
街道,其他,1e6bb78cd1d82474103ea5b9bac8fd51,GOWEI
尾箱,产品,1e6bb78cd1d82474103ea5b9bac8fd51,GOWEI
配置,其他,1e6bb78cd1d82474103ea5b9bac8fd51,GOWEI
215电机30H1000W,产品,1e6bb78cd1d82474103ea5b9bac8fd51,GOWEI
彩色电机,产品,1e6bb78cd1d82474103ea5b9bac8fd51,GOWEI
12管集成控制器,产品,1e6bb78cd1d82474103ea5b9bac8fd51,GOWEI
协昌,企业文化,1e6bb78cd1d82474103ea5b9bac8fd51,GOWEI
彩色前轮,产品,1e6bb78cd1d82474103ea5b9bac8fd51,GOWEI
前碟后鼓刹,产品,1e6bb78cd1d82474103ea5b9bac8fd51,GOWEI
300-10双色轮胎,产品,1e6bb78cd1d82474103ea5b9bac8fd51,GOWEI
改装件,产品,1e6bb78cd1d82474103ea5b9bac8fd51,GOWEI
脚踏电池盒,产品,1e6bb78cd1d82474103ea5b9bac8fd51,GOWEI
炫彩电镀大灯,产品,1e6bb78cd1d82474103ea5b9bac8fd51,GOWEI
带USB,其他,1e6bb78cd1d82474103ea5b9bac8fd51,GOWEI
带塑料搁脚,产品,1e6bb78cd1d82474103ea5b9bac8fd51,GOWEI
大座筒,产品,1e6bb78cd1d82474103ea5b9bac8fd51,GOWEI
飞机把,产品,1e6bb78cd1d82474103ea5b9bac8fd51,GOWEI
大挡风,产品,1e6bb78cd1d82474103ea5b9bac8fd51,GOWEI
彩色转把,产品,1e6bb78cd1d82474103ea5b9bac8fd51,GOWEI
电镀反光镜,产品,1e6bb78cd1d82474103ea5b9bac8fd51,GOWEI
高档压花座垫,产品,1e6bb78cd1d82474103ea5b9bac8fd51,GOWEI
铝衣架,产品,1e6bb78cd1d82474103ea5b9bac8fd51,GOWEI
外卖配送员,其他,c0bcf276ad9b870d410cb0099f120d69,GOWEI
安全头盔,其他,c0bcf276ad9b870d410cb0099f120d69,GOWEI
外卖车,产品,c0bcf276ad9b870d410cb0099f120d69,GOWEI
都市建筑,其他,c0bcf276ad9b870d410cb0099f120d69,GOWEI
订单,其他,c0bcf276ad9b870d410cb0099f120d69,GOWEI
GOWEI 外卖车,产品,c0bcf276ad9b870d410cb0099f120d69,GOWEI
GOWEI,企业文化,5994679caca04bd8e763e7ff2cea1d13,GOWEI
休闲电动三轮车,产品,5994679caca04bd8e763e7ff2cea1d13,GOWEI
设计现代,其他,5994679caca04bd8e763e7ff2cea1d13,GOWEI
宽敞舒适的坐座,其他,5994679caca04bd8e763e7ff2cea1d13,GOWEI
遮阳篷,其他,5994679caca04bd8e763e7ff2cea1d13,GOWEI
防晒功能,其他,5994679caca04bd8e763e7ff2cea1d13,GOWEI
车身颜色,其他,5994679caca04bd8e763e7ff2cea1d13,GOWEI
米色,其他,5994679caca04bd8e763e7ff2cea1d13,GOWEI
黑色,其他,5994679caca04bd8e763e7ff2cea1d13,GOWEI
后置的篮子,其他,5994679caca04bd8e763e7ff2cea1d13,GOWEI
物品,其他,5994679caca04bd8e763e7ff2cea1d13,GOWEI
整体结构,其他,5994679caca04bd8e763e7ff2cea1d13,GOWEI
稳固,其他,5994679caca04bd8e763e7ff2cea1d13,GOWEI
现代化,其他,5994679caca04bd8e763e7ff2cea1d13,GOWEI
休闲出行,其他,5994679caca04bd8e763e7ff2cea1d13,GOWEI
图像,其他,5d01d2ce29f51161afca37bb46717824,GOWEI
GOWEI休闲电动三轮车,产品,5d01d2ce29f51161afca37bb46717824,GOWEI
蓝色,其他,5d01d2ce29f51161afca37bb46717824,GOWEI
红色,其他,5d01d2ce29f51161afca37bb46717824,GOWEI
白色,其他,5d01d2ce29f51161afca37bb46717824,GOWEI
展示厅,其他,5d01d2ce29f51161afca37bb46717824,GOWEI
前窗玻璃,其他,5d01d2ce29f51161afca37bb46717824,GOWEI
舒适的座椅,其他,5d01d2ce29f51161afca37bb46717824,GOWEI
室内装潢,其他,5d01d2ce29f51161afca37bb46717824,GOWEI
绿色植物,其他,5d01d2ce29f51161afca37bb46717824,GOWEI
休闲驾驶,其他,5d01d2ce29f51161afca37bb46717824,GOWEI
整洁且专业,其他,5d01d2ce29f51161afca37bb46717824,GOWEI
休闲交通工具,其他,5d01d2ce29f51161afca37bb46717824,GOWEI
外卖车,产品,551f6c306a6acea391fa1828b884c899,GOWEI
动力装置,其他,551f6c306a6acea391fa1828b884c899,GOWEI
品牌标志,其他,551f6c306a6acea391fa1828b884c899,GOWEI
GO吉,品牌,551f6c306a6acea391fa1828b884c899,GOWEI
加速性能,其他,551f6c306a6acea391fa1828b884c899,GOWEI
GOWEI 外卖车测评,其他,551f6c306a6acea391fa1828b884c899,GOWEI
女主持人,其他,c88765ddcf54a81fa42a015b865ce021,GOWEI
电动车,产品,c88765ddcf54a81fa42a015b865ce021,GOWEI
自信,其他,c88765ddcf54a81fa42a015b865ce021,GOWEI
专业,其他,c88765ddcf54a81fa42a015b865ce021,GOWEI
GOWEI CP900电动两轮车,产品,c88765ddcf54a81fa42a015b865ce021,GOWEI
摩托车把手,产品,dfb2ee97203555fd35c6a9e4d27a3df2,GOWEI
操控系统,产品,dfb2ee97203555fd35c6a9e4d27a3df2,GOWEI
启动按钮,产品,dfb2ee97203555fd35c6a9e4d27a3df2,GOWEI
停止按钮,产品,dfb2ee97203555fd35c6a9e4d27a3df2,GOWEI
操控的简单性,其他,dfb2ee97203555fd35c6a9e4d27a3df2,GOWEI
操控的直观性,其他,dfb2ee97203555fd35c6a9e4d27a3df2,GOWEI
GOWEI CP900电动两轮车,产品,dfb2ee97203555fd35c6a9e4d27a3df2,GOWEI
外卖车,产品,f0481be3bd9f3867d42e3263d35ef27b,GOWEI
电机部分,科技,f0481be3bd9f3867d42e3263d35ef27b,GOWEI
车架,科技,f0481be3bd9f3867d42e3263d35ef27b,GOWEI
现代化技术,科技,f0481be3bd9f3867d42e3263d35ef27b,GOWEI
结实的设计,科技,f0481be3bd9f3867d42e3263d35ef27b,GOWEI
GOWEI 外卖车测评,其他,f0481be3bd9f3867d42e3263d35ef27b,GOWEI
图片,其他,3061a8996ab34025775c4e86a7c64c50,GOWEI
GOWEI,企业文化,3061a8996ab34025775c4e86a7c64c50,GOWEI
电动三轮车,产品,3061a8996ab34025775c4e86a7c64c50,GOWEI
把手,其他,3061a8996ab34025775c4e86a7c64c50,GOWEI
仪表板,其他,3061a8996ab34025775c4e86a7c64c50,GOWEI
液晶显示屏,科技,3061a8996ab34025775c4e86a7c64c50,GOWEI
红色,其他,3061a8996ab34025775c4e86a7c64c50,GOWEI
黑色,其他,3061a8996ab34025775c4e86a7c64c50,GOWEI
GOWEI休闲电动三轮车,产品,3061a8996ab34025775c4e86a7c64c50,GOWEI
电动两轮车,产品,db1d86ef9dabec971c0bea9579f5e54e,GOWEI
存储箱,其他,db1d86ef9dabec971c0bea9579f5e54e,GOWEI
通电按钮,其他,db1d86ef9dabec971c0bea9579f5e54e,GOWEI
GOWEI CP900电动两轮车,产品,db1d86ef9dabec971c0bea9579f5e54e,GOWEI
外卖车,产品,b11f311bf83105e859d015f92dd9899c,GOWEI
前灯设计,其他,b11f311bf83105e859d015f92dd9899c,GOWEI
整体造型,其他,b11f311bf83105e859d015f92dd9899c,GOWEI
设计美观,其他,b11f311bf83105e859d015f92dd9899c,GOWEI
实用性,其他,b11f311bf83105e859d015f92dd9899c,GOWEI
GOWEI 外卖车测评,其他,b11f311bf83105e859d015f92dd9899c,GOWEI
GOWEI,企业文化,18f717e1d5924d1e08bd1376c2809ca3,GOWEI
GOWEI CP900,产品,18f717e1d5924d1e08bd1376c2809ca3,GOWEI
GOWEI CP900电动两轮车,产品,18f717e1d5924d1e08bd1376c2809ca3,GOWEI
户外,其他,18f717e1d5924d1e08bd1376c2809ca3,GOWEI
正面,其他,18f717e1d5924d1e08bd1376c2809ca3,GOWEI
设计细节,其他,18f717e1d5924d1e08bd1376c2809ca3,GOWEI
战穹五代电摩,产品,b1ddd4721a75744f666ed5042eb2f38d,GOWEI
黑色,其他,b1ddd4721a75744f666ed5042eb2f38d,GOWEI
绿色,其他,b1ddd4721a75744f666ed5042eb2f38d,GOWEI
白色,其他,b1ddd4721a75744f666ed5042eb2f38d,GOWEI
蓝色,其他,b1ddd4721a75744f666ed5042eb2f38d,GOWEI
超大储物箱,其他,b1ddd4721a75744f666ed5042eb2f38d,GOWEI
靠背,其他,b1ddd4721a75744f666ed5042eb2f38d,GOWEI
外卖行业,其他,b1ddd4721a75744f666ed5042eb2f38d,GOWEI
高配置,其他,b1ddd4721a75744f666ed5042eb2f38d,GOWEI
电摩,产品,b1ddd4721a75744f666ed5042eb2f38d,GOWEI
外卖车,其他,b1ddd4721a75744f666ed5042eb2f38d,GOWEI
新车型,其他,b1ddd4721a75744f666ed5042eb2f38d,GOWEI
可定制,其他,b1ddd4721a75744f666ed5042eb2f38d,GOWEI
动力强,其他,b1ddd4721a75744f666ed5042eb2f38d,GOWEI
续航远,其他,b1ddd4721a75744f666ed5042eb2f38d,GOWEI
OEM定制,其他,b1ddd4721a75744f666ed5042eb2f38d,GOWEI
外卖车,产品,9b408c2e3aeb4425bc5d3879aec7df15,GOWEI
侧面全视图,其他,9b408c2e3aeb4425bc5d3879aec7df15,GOWEI
整体设计,其他,9b408c2e3aeb4425bc5d3879aec7df15,GOWEI
储物空间,其他,9b408c2e3aeb4425bc5d3879aec7df15,GOWEI
GOWEI 外卖车测评,其他,9b408c2e3aeb4425bc5d3879aec7df15,GOWEI
电动车,产品,c1e632d19e951f917cc574e3113b5d87,GOWEI
正面设计,其他,c1e632d19e951f917cc574e3113b5d87,GOWEI
侧面设计,其他,c1e632d19e951f917cc574e3113b5d87,GOWEI
USB充电端口,科技,c1e632d19e951f917cc574e3113b5d87,GOWEI
GOWEI CP900电动两轮车,产品,c1e632d19e951f917cc574e3113b5d87,GOWEI
GOWEI,企业文化,53dd7ab92fcbcd7c2161bcbc8225fec9,GOWEI
GOWEI CP900,产品,53dd7ab92fcbcd7c2161bcbc8225fec9,GOWEI
GOWEI CP900电动两轮车,产品,53dd7ab92fcbcd7c2161bcbc8225fec9,GOWEI
动感设计,其他,53dd7ab92fcbcd7c2161bcbc8225fec9,GOWEI
运动风格,其他,53dd7ab92fcbcd7c2161bcbc8225fec9,GOWEI
三轮车,产品,4d4b55ecf92f1b8424c677a1489215a8,GOWEI
后斗,其他,4d4b55ecf92f1b8424c677a1489215a8,GOWEI
卸货,其他,4d4b55ecf92f1b8424c677a1489215a8,GOWEI
车型,其他,4d4b55ecf92f1b8424c677a1489215a8,GOWEI
建筑工地,其他,4d4b55ecf92f1b8424c677a1489215a8,GOWEI
农场,其他,4d4b55ecf92f1b8424c677a1489215a8,GOWEI
颜色,其他,4d4b55ecf92f1b8424c677a1489215a8,GOWEI
绿色,其他,4d4b55ecf92f1b8424c677a1489215a8,GOWEI
蓝色,其他,4d4b55ecf92f1b8424c677a1489215a8,GOWEI
GOWEI,企业文化,4d4b55ecf92f1b8424c677a1489215a8,GOWEI
品牌标识,其他,4d4b55ecf92f1b8424c677a1489215a8,GOWEI
品牌形象,其他,4d4b55ecf92f1b8424c677a1489215a8,GOWEI
GOWEI自卸货功能电动三轮车,产品,4d4b55ecf92f1b8424c677a1489215a8,GOWEI
现代两轮电动车,产品,562c6e929bcf12ee2a3e70486091b8dd,GOWEI
图片,其他,562c6e929bcf12ee2a3e70486091b8dd,GOWEI
城市街道,其他,562c6e929bcf12ee2a3e70486091b8dd,GOWEI
建筑,其他,562c6e929bcf12ee2a3e70486091b8dd,GOWEI
绿树,其他,562c6e929bcf12ee2a3e70486091b8dd,GOWEI
GW-RN3--两轮电动车,产品,562c6e929bcf12ee2a3e70486091b8dd,GOWEI
后视镜,其他,562c6e929bcf12ee2a3e70486091b8dd,GOWEI
后备箱,其他,562c6e929bcf12ee2a3e70486091b8dd,GOWEI
日常通勤,其他,562c6e929bcf12ee2a3e70486091b8dd,GOWEI
浅灰,其他,562c6e929bcf12ee2a3e70486091b8dd,GOWEI
车身设计,其他,562c6e929bcf12ee2a3e70486091b8dd,GOWEI
简洁现代,其他,562c6e929bcf12ee2a3e70486091b8dd,GOWEI
女主角,其他,ac96eea42b66781176d1cf28d873ff84,GOWEI
电动车,产品,ac96eea42b66781176d1cf28d873ff84,GOWEI
GOWEI CP900电动两轮车,产品,ac96eea42b66781176d1cf28d873ff84,GOWEI
协调,其他,ac96eea42b66781176d1cf28d873ff84,GOWEI
时尚外观,其他,ac96eea42b66781176d1cf28d873ff84,GOWEI
电动车,产品,37d2331b2faba03c77ff3e835915953b,GOWEI
灯光,其他,37d2331b2faba03c77ff3e835915953b,GOWEI
车标配置,其他,37d2331b2faba03c77ff3e835915953b,GOWEI
GOWEI CP900电动两轮车,产品,37d2331b2faba03c77ff3e835915953b,GOWEI
图片,其他,15231c0c29480bac6010cbc24aee2c72,GOWEI
白色两轮电动车,产品,15231c0c29480bac6010cbc24aee2c72,GOWEI
GW-RN3,产品,15231c0c29480bac6010cbc24aee2c72,GOWEI
外观现代,其他,15231c0c29480bac6010cbc24aee2c72,GOWEI
白色,其他,15231c0c29480bac6010cbc24aee2c72,GOWEI
黑色,其他,15231c0c29480bac6010cbc24aee2c72,GOWEI
桔色的装饰标识,其他,15231c0c29480bac6010cbc24aee2c72,GOWEI
后视镜,其他,15231c0c29480bac6010cbc24aee2c72,GOWEI
前灯,其他,15231c0c29480bac6010cbc24aee2c72,GOWEI
后备箱,其他,15231c0c29480bac6010cbc24aee2c72,GOWEI
街道,其他,15231c0c29480bac6010cbc24aee2c72,GOWEI
绿色的植被,其他,15231c0c29480bac6010cbc24aee2c72,GOWEI
建筑,其他,15231c0c29480bac6010cbc24aee2c72,GOWEI
其他车辆,其他,15231c0c29480bac6010cbc24aee2c72,GOWEI
网速快,其他,207e3e1a1f5e47d6f8acd8841fefe752,GOWEI
外卖车型,产品,207e3e1a1f5e47d6f8acd8841fefe752,GOWEI
高效率,其他,207e3e1a1f5e47d6f8acd8841fefe752,GOWEI
快速响应,其他,207e3e1a1f5e47d6f8acd8841fefe752,GOWEI
视频,其他,207e3e1a1f5e47d6f8acd8841fefe752,GOWEI
GOWEI 外卖车测评,其他,207e3e1a1f5e47d6f8acd8841fefe752,GOWEI
电动车,产品,d4f9c56df69e99f74c6a07b63330b57f,GOWEI
GOWEI CP900电动两轮车,产品,d4f9c56df69e99f74c6a07b63330b57f,GOWEI
整体设计,其他,d4f9c56df69e99f74c6a07b63330b57f,GOWEI
颜色搭配,其他,d4f9c56df69e99f74c6a07b63330b57f,GOWEI
三轮车,产品,4eff9d798f2d6007eb858ede857f7429,GOWEI
后斗,其他,4eff9d798f2d6007eb858ede857f7429,GOWEI
车辆,产品,4eff9d798f2d6007eb858ede857f7429,GOWEI
大灯,其他,4eff9d798f2d6007eb858ede857f7429,GOWEI
车牌装置,其他,4eff9d798f2d6007eb858ede857f7429,GOWEI
开放的停车区,其他,4eff9d798f2d6007eb858ede857f7429,GOWEI
展示或待售场所,其他,4eff9d798f2d6007eb858ede857f7429,GOWEI
GOWEI自卸货功能电动三轮车,产品,4eff9d798f2d6007eb858ede857f7429,GOWEI
女主持人,其他,fff5c15b7b9e23534b56c085b4f8fc1d,GOWEI
电动车,产品,fff5c15b7b9e23534b56c085b4f8fc1d,GOWEI
GOWEI CP900电动两轮车,产品,fff5c15b7b9e23534b56c085b4f8fc1d,GOWEI
图片,其他,9c6925ec3583de61b4dd4034f3b680d6,GOWEI
黑色的两轮电动车,产品,9c6925ec3583de61b4dd4034f3b680d6,GOWEI
GW-RN3,产品,9c6925ec3583de61b4dd4034f3b680d6,GOWEI
手把,其他,9c6925ec3583de61b4dd4034f3b680d6,GOWEI
控制器,其他,9c6925ec3583de61b4dd4034f3b680d6,GOWEI
翻盖式储物盒,其他,9c6925ec3583de61b4dd4034f3b680d6,GOWEI
控制按钮,其他,9c6925ec3583de61b4dd4034f3b680d6,GOWEI
信息显示,其他,9c6925ec3583de61b4dd4034f3b680d6,GOWEI
街道,其他,9c6925ec3583de61b4dd4034f3b680d6,GOWEI
人行道,其他,9c6925ec3583de61b4dd4034f3b680d6,GOWEI
电动车,产品,14187b3763fb70368577d623c0862595,GOWEI
户外道路,其他,14187b3763fb70368577d623c0862595,GOWEI
GOWEI CP900电动两轮车,产品,14187b3763fb70368577d623c0862595,GOWEI
GOWEI工厂,企业文化,cc13d39da2c091de35b55f01c4794ee0,GOWEI
客户,其他,cc13d39da2c091de35b55f01c4794ee0,GOWEI
蓝色的电动三轮车,产品,cc13d39da2c091de35b55f01c4794ee0,GOWEI
试驾,其他,cc13d39da2c091de35b55f01c4794ee0,GOWEI
环境,其他,cc13d39da2c091de35b55f01c4794ee0,GOWEI
操作感受,其他,cc13d39da2c091de35b55f01c4794ee0,GOWEI
GOWEI电动三轮车,产品,cc13d39da2c091de35b55f01c4794ee0,GOWEI
电动车,产品,b465231e2a1280f3d2117185a32401f3,GOWEI
底盘,科技,b465231e2a1280f3d2117185a32401f3,GOWEI
悬挂系统,科技,b465231e2a1280f3d2117185a32401f3,GOWEI
技术细节,其他,b465231e2a1280f3d2117185a32401f3,GOWEI
做工精良,其他,b465231e2a1280f3d2117185a32401f3,GOWEI
GOWEI CP900电动两轮车,产品,b465231e2a1280f3d2117185a32401f3,GOWEI
图片,其他,8c5187384f52f1d9654038a0ed70b15c,GOWEI
灰色两轮电动车,产品,8c5187384f52f1d9654038a0ed70b15c,GOWEI
GW-RN3,产品,8c5187384f52f1d9654038a0ed70b15c,GOWEI
圆形的大灯,其他,8c5187384f52f1d9654038a0ed70b15c,GOWEI
两个后视镜,其他,8c5187384f52f1d9654038a0ed70b15c,GOWEI
宽敞的街道,其他,8c5187384f52f1d9654038a0ed70b15c,GOWEI
现代化的建筑,其他,8c5187384f52f1d9654038a0ed70b15c,GOWEI
绿色植物,其他,8c5187384f52f1d9654038a0ed70b15c,GOWEI
简洁而现代的设计,其他,8c5187384f52f1d9654038a0ed70b15c,GOWEI
城市日常通勤,其他,8c5187384f52f1d9654038a0ed70b15c,GOWEI
图片,其他,0d837917076896483166d953e2fd7bbb,GOWEI
麦当劳标志,其他,0d837917076896483166d953e2fd7bbb,GOWEI
Gowei品牌电动三轮车,产品,0d837917076896483166d953e2fd7bbb,GOWEI
街道,其他,0d837917076896483166d953e2fd7bbb,GOWEI
三轮车的车厢部分,其他,0d837917076896483166d953e2fd7bbb,GOWEI
蓝绿色,其他,0d837917076896483166d953e2fd7bbb,GOWEI
产品和品牌广告,其他,0d837917076896483166d953e2fd7bbb,GOWEI
行人,其他,0d837917076896483166d953e2fd7bbb,GOWEI
植被,其他,0d837917076896483166d953e2fd7bbb,GOWEI
城市的日常活动氛围,其他,0d837917076896483166d953e2fd7bbb,GOWEI
Gowei电动三轮车,产品,0d837917076896483166d953e2fd7bbb,GOWEI
照片,其他,6e55244068833a1baa53a870a45de67b,GOWEI
男士,其他,6e55244068833a1baa53a870a45de67b,GOWEI
GOWEI工厂,企业文化,6e55244068833a1baa53a870a45de67b,GOWEI
电动三轮车,产品,6e55244068833a1baa53a870a45de67b,GOWEI
试驾活动,其他,6e55244068833a1baa53a870a45de67b,GOWEI
客户体验,其他,6e55244068833a1baa53a870a45de67b,GOWEI
图片,其他,df74bc6cb43a1506e2e8ba1b66f998d3,GOWEI
两轮电动车,产品,df74bc6cb43a1506e2e8ba1b66f998d3,GOWEI
车体,其他,df74bc6cb43a1506e2e8ba1b66f998d3,GOWEI
黑色的塑料部件,其他,df74bc6cb43a1506e2e8ba1b66f998d3,GOWEI
金属板,其他,df74bc6cb43a1506e2e8ba1b66f998d3,GOWEI
GW-RN3--两轮电动车,产品,df74bc6cb43a1506e2e8ba1b66f998d3,GOWEI
图片,其他,2fb8c2ef75fa8def8e04d862957e3c9d,GOWEI
GOWEI,企业文化,2fb8c2ef75fa8def8e04d862957e3c9d,GOWEI
不锈钢电动三轮车,产品,2fb8c2ef75fa8def8e04d862957e3c9d,GOWEI
城市街道,其他,2fb8c2ef75fa8def8e04d862957e3c9d,GOWEI
现代建筑,其他,2fb8c2ef75fa8def8e04d862957e3c9d,GOWEI
停放的汽车,其他,2fb8c2ef75fa8def8e04d862957e3c9d,GOWEI
宽大的不锈钢货箱,其他,2fb8c2ef75fa8def8e04d862957e3c9d,GOWEI
现代城市环境,其他,2fb8c2ef75fa8def8e04d862957e3c9d,GOWEI
图片,其他,bafc881336fd05c4cd75cc4d43456cfa,GOWEI
两轮电动车,产品,bafc881336fd05c4cd75cc4d43456cfa,GOWEI
前轮,其他,bafc881336fd05c4cd75cc4d43456cfa,GOWEI
刹车装置,其他,bafc881336fd05c4cd75cc4d43456cfa,GOWEI
轮胎,其他,bafc881336fd05c4cd75cc4d43456cfa,GOWEI
CST,其他,bafc881336fd05c4cd75cc4d43456cfa,GOWEI
型号信息,其他,bafc881336fd05c4cd75cc4d43456cfa,GOWEI
制动器,其他,bafc881336fd05c4cd75cc4d43456cfa,GOWEI
Govecs,企业文化,bafc881336fd05c4cd75cc4d43456cfa,GOWEI
现代,其他,bafc881336fd05c4cd75cc4d43456cfa,GOWEI
精密,其他,bafc881336fd05c4cd75cc4d43456cfa,GOWEI
行人,其他,bafc881336fd05c4cd75cc4d43456cfa,GOWEI
停放的汽车,其他,bafc881336fd05c4cd75cc4d43456cfa,GOWEI
GW-RN3--两轮电动车,产品,bafc881336fd05c4cd75cc4d43456cfa,GOWEI
图片,其他,f2fdfcf7727bc1ee029d524f4ebad05e,GOWEI
口罩,其他,f2fdfcf7727bc1ee029d524f4ebad05e,GOWEI
Gowei品牌电动三轮车,产品,f2fdfcf7727bc1ee029d524f4ebad05e,GOWEI
装载区,其他,f2fdfcf7727bc1ee029d524f4ebad05e,GOWEI
厨房用具,其他,f2fdfcf7727bc1ee029d524f4ebad05e,GOWEI
容器,其他,f2fdfcf7727bc1ee029d524f4ebad05e,GOWEI
商业,其他,f2fdfcf7727bc1ee029d524f4ebad05e,GOWEI
街头销售,其他,f2fdfcf7727bc1ee029d524f4ebad05e,GOWEI
日常运输,其他,f2fdfcf7727bc1ee029d524f4ebad05e,GOWEI
小型商业活动,其他,f2fdfcf7727bc1ee029d524f4ebad05e,GOWEI
城市,其他,f2fdfcf7727bc1ee029d524f4ebad05e,GOWEI
乡村,其他,f2fdfcf7727bc1ee029d524f4ebad05e,GOWEI
绿色植被,其他,f2fdfcf7727bc1ee029d524f4ebad05e,GOWEI
大型广告牌,其他,f2fdfcf7727bc1ee029d524f4ebad05e,GOWEI
彩色图案,其他,f2fdfcf7727bc1ee029d524f4ebad05e,GOWEI
Gowei,企业文化,daaa8abd18d80a7d7363f13a2e5abae7,GOWEI
电动三轮车,产品,daaa8abd18d80a7d7363f13a2e5abae7,GOWEI
沙砾覆盖的地面,其他,daaa8abd18d80a7d7363f13a2e5abae7,GOWEI
干燥的灌木丛生地区,其他,daaa8abd18d80a7d7363f13a2e5abae7,GOWEI
蓝色,其他,daaa8abd18d80a7d7363f13a2e5abae7,GOWEI
驾驶座椅,其他,daaa8abd18d80a7d7363f13a2e5abae7,GOWEI
方向把手,其他,daaa8abd18d80a7d7363f13a2e5abae7,GOWEI
阳光,其他,daaa8abd18d80a7d7363f13a2e5abae7,GOWEI
天气,其他,daaa8abd18d80a7d7363f13a2e5abae7,GOWEI
穿着黄色上衣的人,其他,daaa8abd18d80a7d7363f13a2e5abae7,GOWEI
Gowei电动三轮车,产品,daaa8abd18d80a7d7363f13a2e5abae7,GOWEI
GW-RN3,产品,1087813941d99e6c96ef3309dbdb398c,GOWEI
两轮电动车,产品,1087813941d99e6c96ef3309dbdb398c,GOWEI
车尾细节,其他,1087813941d99e6c96ef3309dbdb398c,GOWEI
电动车,产品,1087813941d99e6c96ef3309dbdb398c,GOWEI
银白色,其他,1087813941d99e6c96ef3309dbdb398c,GOWEI
后置储物箱,其他,1087813941d99e6c96ef3309dbdb398c,GOWEI
车尾灯,其他,1087813941d99e6c96ef3309dbdb398c,GOWEI
红色灯圈,其他,1087813941d99e6c96ef3309dbdb398c,GOWEI
后牌照,其他,1087813941d99e6c96ef3309dbdb398c,GOWEI
红色的反光条,其他,1087813941d99e6c96ef3309dbdb398c,GOWEI
夜间行驶的安全性,其他,1087813941d99e6c96ef3309dbdb398c,GOWEI
城市道路,其他,1087813941d99e6c96ef3309dbdb398c,GOWEI
汽车,其他,1087813941d99e6c96ef3309dbdb398c,GOWEI
建筑,其他,1087813941d99e6c96ef3309dbdb398c,GOWEI
绿化,其他,1087813941d99e6c96ef3309dbdb398c,GOWEI
Gowei,企业文化,f08a7911049b26d91b6169b2d2a76ae7,GOWEI
蓝色电动三轮车,产品,f08a7911049b26d91b6169b2d2a76ae7,GOWEI
土质道路,其他,f08a7911049b26d91b6169b2d2a76ae7,GOWEI
货运型,其他,f08a7911049b26d91b6169b2d2a76ae7,GOWEI
车厢,其他,f08a7911049b26d91b6169b2d2a76ae7,GOWEI
边框颜色,其他,f08a7911049b26d91b6169b2d2a76ae7,GOWEI
晴朗的天空,其他,f08a7911049b26d91b6169b2d2a76ae7,GOWEI
稀疏的灌木环境,其他,f08a7911049b26d91b6169b2d2a76ae7,GOWEI
男士,其他,f08a7911049b26d91b6169b2d2a76ae7,GOWEI
条纹上衣,其他,f08a7911049b26d91b6169b2d2a76ae7,GOWEI
工作人员,其他,79a817dab672099be62b350576d1477f,GOWEI
蓝色的车间流水线,其他,79a817dab672099be62b350576d1477f,GOWEI
电动三轮车,产品,79a817dab672099be62b350576d1477f,GOWEI
工具,其他,79a817dab672099be62b350576d1477f,GOWEI
电缆,其他,79a817dab672099be62b350576d1477f,GOWEI
小型机械部件,其他,79a817dab672099be62b350576d1477f,GOWEI
生产设备,其他,79a817dab672099be62b350576d1477f,GOWEI
GOWEI自卸货电动三轮车生产车间,其他,79a817dab672099be62b350576d1477f,GOWEI
工作人员,其他,b7c96ce71211809f08c67a552bd99555,GOWEI
车轮部件,产品,b7c96ce71211809f08c67a552bd99555,GOWEI
车轮,产品,b7c96ce71211809f08c67a552bd99555,GOWEI
车架部件,产品,b7c96ce71211809f08c67a552bd99555,GOWEI
电动三轮车部件,产品,b7c96ce71211809f08c67a552bd99555,GOWEI
配件,产品,b7c96ce71211809f08c67a552bd99555,GOWEI
电缆束,产品,b7c96ce71211809f08c67a552bd99555,GOWEI
金属杆,产品,b7c96ce71211809f08c67a552bd99555,GOWEI
货架,其他,b7c96ce71211809f08c67a552bd99555,GOWEI
零部件,产品,b7c96ce71211809f08c67a552bd99555,GOWEI
工具,其他,b7c96ce71211809f08c67a552bd99555,GOWEI
GOWEI自卸货电动三轮车生产车间,其他,b7c96ce71211809f08c67a552bd99555,GOWEI
锐娜三代电动踏板车,产品,7e65eec568e98f36bef1b07f28651386,GOWEI
GW-RN3,产品,7e65eec568e98f36bef1b07f28651386,GOWEI
蓝色,其他,7e65eec568e98f36bef1b07f28651386,GOWEI
粉色,其他,7e65eec568e98f36bef1b07f28651386,GOWEI
绿色,其他,7e65eec568e98f36bef1b07f28651386,GOWEI
白色,其他,7e65eec568e98f36bef1b07f28651386,GOWEI
水泥路面,其他,7e65eec568e98f36bef1b07f28651386,GOWEI
绿色的树木,其他,7e65eec568e98f36bef1b07f28651386,GOWEI
草坪,其他,7e65eec568e98f36bef1b07f28651386,GOWEI
48v20/60v20,科技,7e65eec568e98f36bef1b07f28651386,GOWEI
前碟后鼓刹,科技,7e65eec568e98f36bef1b07f28651386,GOWEI
213电机500W,科技,7e65eec568e98f36bef1b07f28651386,GOWEI
9管集成控制器,科技,7e65eec568e98f36bef1b07f28651386,GOWEI
双摇控,科技,7e65eec568e98f36bef1b07f28651386,GOWEI
黑莓屏仪表,科技,7e65eec568e98f36bef1b07f28651386,GOWEI
300-10真空胎,科技,7e65eec568e98f36bef1b07f28651386,GOWEI
加长座垫,科技,7e65eec568e98f36bef1b07f28651386,GOWEI
USB接口,科技,7e65eec568e98f36bef1b07f28651386,GOWEI
加宽搁脚,科技,7e65eec568e98f36bef1b07f28651386,GOWEI
衣架,科技,7e65eec568e98f36bef1b07f28651386,GOWEI
尾箱（免拆型）,科技,7e65eec568e98f36bef1b07f28651386,GOWEI
休闲,其他,7e65eec568e98f36bef1b07f28651386,GOWEI
女士,其他,7e65eec568e98f36bef1b07f28651386,GOWEI
短途,其他,7e65eec568e98f36bef1b07f28651386,GOWEI
家用,其他,7e65eec568e98f36bef1b07f28651386,GOWEI
可定制,其他,7e65eec568e98f36bef1b07f28651386,GOWEI
视频,其他,7e65eec568e98f36bef1b07f28651386,GOWEI
圆滑的设计,其他,7e65eec568e98f36bef1b07f28651386,GOWEI
短途旅行,其他,7e65eec568e98f36bef1b07f28651386,GOWEI
旅游休闲必备,其他,7e65eec568e98f36bef1b07f28651386,GOWEI
OEM定制,其他,7e65eec568e98f36bef1b07f28651386,GOWEI
锐娜三代电动踏板车,产品,f27d0eb29cb9f101a50cba387d0708cb,GOWEI
GW-RN3,产品,f27d0eb29cb9f101a50cba387d0708cb,GOWEI
白色,其他,f27d0eb29cb9f101a50cba387d0708cb,GOWEI
粉色,其他,f27d0eb29cb9f101a50cba387d0708cb,GOWEI
绿色,其他,f27d0eb29cb9f101a50cba387d0708cb,GOWEI
后备箱,其他,f27d0eb29cb9f101a50cba387d0708cb,GOWEI
休闲,其他,f27d0eb29cb9f101a50cba387d0708cb,GOWEI
女士,其他,f27d0eb29cb9f101a50cba387d0708cb,GOWEI
短途,其他,f27d0eb29cb9f101a50cba387d0708cb,GOWEI
家用,其他,f27d0eb29cb9f101a50cba387d0708cb,GOWEI
可定制,其他,f27d0eb29cb9f101a50cba387d0708cb,GOWEI
视频,其他,f27d0eb29cb9f101a50cba387d0708cb,GOWEI
车身设计,其他,f27d0eb29cb9f101a50cba387d0708cb,GOWEI
图片,其他,800bf25eebb104c17d8007555cdc359e,GOWEI
GOWEI品牌,企业文化,800bf25eebb104c17d8007555cdc359e,GOWEI
蓝色电动自卸三轮车,产品,800bf25eebb104c17d8007555cdc359e,GOWEI
仓库,其他,800bf25eebb104c17d8007555cdc359e,GOWEI
标志,其他,800bf25eebb104c17d8007555cdc359e,GOWEI
型号,其他,800bf25eebb104c17d8007555cdc359e,GOWEI
背景,其他,800bf25eebb104c17d8007555cdc359e,GOWEI
仓库内部,其他,800bf25eebb104c17d8007555cdc359e,GOWEI
地面,其他,800bf25eebb104c17d8007555cdc359e,GOWEI
照明,其他,800bf25eebb104c17d8007555cdc359e,GOWEI
整体场景,其他,800bf25eebb104c17d8007555cdc359e,GOWEI
GOWEI自卸货电动三轮车仓库,其他,800bf25eebb104c17d8007555cdc359e,GOWEI
电动三轮车,产品,8e692815e0bdff9e15e4c4b73ccf6bb0,GOWEI
蓝色的车身,其他,8e692815e0bdff9e15e4c4b73ccf6bb0,GOWEI
GOWEI品牌标志,其他,8e692815e0bdff9e15e4c4b73ccf6bb0,GOWEI
前灯,其他,8e692815e0bdff9e15e4c4b73ccf6bb0,GOWEI
车轮设计,其他,8e692815e0bdff9e15e4c4b73ccf6bb0,GOWEI
GOWEI自卸货电动三轮车,产品,8e692815e0bdff9e15e4c4b73ccf6bb0,GOWEI
电动三轮车,产品,55ae793b4d7beec0515afd3dce064c67,GOWEI
侧面视图,其他,55ae793b4d7beec0515afd3dce064c67,GOWEI
GOWEI,企业文化,55ae793b4d7beec0515afd3dce064c67,GOWEI
品牌标志,其他,55ae793b4d7beec0515afd3dce064c67,GOWEI
男士,其他,55ae793b4d7beec0515afd3dce064c67,GOWEI
休闲装,其他,55ae793b4d7beec0515afd3dce064c67,GOWEI
GOWEI自卸货电动三轮车,产品,55ae793b4d7beec0515afd3dce064c67,GOWEI
三轮车,产品,229529d8b380a1a6e5dd29afe3bf1239,GOWEI
前脸格栅设计,其他,229529d8b380a1a6e5dd29afe3bf1239,GOWEI
头灯,其他,229529d8b380a1a6e5dd29afe3bf1239,GOWEI
GOWEI自卸货电动三轮车,产品,229529d8b380a1a6e5dd29afe3bf1239,GOWEI
电动三轮车,产品,efd2b590ea86ffb298a9c2e7e735f0d4,GOWEI
货舱,其他,efd2b590ea86ffb298a9c2e7e735f0d4,GOWEI
结构设计,其他,efd2b590ea86ffb298a9c2e7e735f0d4,GOWEI
GOWEI自卸货电动三轮车,产品,efd2b590ea86ffb298a9c2e7e735f0d4,GOWEI
锐娜三代电动踏板车,产品,f7598083f9f2ba80b8177f8ded6a380a,GOWEI
GW-RN3,产品,f7598083f9f2ba80b8177f8ded6a380a,GOWEI
车身颜色,其他,f7598083f9f2ba80b8177f8ded6a380a,GOWEI
白色,其他,f7598083f9f2ba80b8177f8ded6a380a,GOWEI
粉色,其他,f7598083f9f2ba80b8177f8ded6a380a,GOWEI
绿色,其他,f7598083f9f2ba80b8177f8ded6a380a,GOWEI
尾箱,其他,f7598083f9f2ba80b8177f8ded6a380a,GOWEI
加长座垫,其他,f7598083f9f2ba80b8177f8ded6a380a,GOWEI
48v20/60v20,科技,f7598083f9f2ba80b8177f8ded6a380a,GOWEI
前碟后鼓刹,科技,f7598083f9f2ba80b8177f8ded6a380a,GOWEI
213电机500W,科技,f7598083f9f2ba80b8177f8ded6a380a,GOWEI
9管集成控制器,科技,f7598083f9f2ba80b8177f8ded6a380a,GOWEI
双摇控,科技,f7598083f9f2ba80b8177f8ded6a380a,GOWEI
黑莓屏仪表,科技,f7598083f9f2ba80b8177f8ded6a380a,GOWEI
300-10真空胎,科技,f7598083f9f2ba80b8177f8ded6a380a,GOWEI
带USB接口,科技,f7598083f9f2ba80b8177f8ded6a380a,GOWEI
带加宽搁脚,科技,f7598083f9f2ba80b8177f8ded6a380a,GOWEI
衣架,其他,f7598083f9f2ba80b8177f8ded6a380a,GOWEI
免拆型尾箱,其他,f7598083f9f2ba80b8177f8ded6a380a,GOWEI
休闲,其他,f7598083f9f2ba80b8177f8ded6a380a,GOWEI
女士,其他,f7598083f9f2ba80b8177f8ded6a380a,GOWEI
短途,其他,f7598083f9f2ba80b8177f8ded6a380a,GOWEI
家用,其他,f7598083f9f2ba80b8177f8ded6a380a,GOWEI
可定制,其他,f7598083f9f2ba80b8177f8ded6a380a,GOWEI
图片,其他,76f6f8a8e37c362ac07610760c006afe,GOWEI
驾驶门,其他,76f6f8a8e37c362ac07610760c006afe,GOWEI
驾驶舱,其他,76f6f8a8e37c362ac07610760c006afe,GOWEI
内部结构,其他,76f6f8a8e37c362ac07610760c006afe,GOWEI
简洁的设计,其他,76f6f8a8e37c362ac07610760c006afe,GOWEI
GOWEI自卸货电动三轮车,产品,76f6f8a8e37c362ac07610760c006afe,GOWEI
GW-Q50-B,产品,8c6eebd6804114dfe075666e4892edcb,GOWEI
电动踏板车,产品,8c6eebd6804114dfe075666e4892edcb,GOWEI
后备箱,产品,8c6eebd6804114dfe075666e4892edcb,GOWEI
GW,品牌,8c6eebd6804114dfe075666e4892edcb,GOWEI
街道,其他,8c6eebd6804114dfe075666e4892edcb,GOWEI
建筑物,其他,8c6eebd6804114dfe075666e4892edcb,GOWEI
休闲和时尚的氛围,其他,8c6eebd6804114dfe075666e4892edcb,GOWEI
中端配置,科技,8c6eebd6804114dfe075666e4892edcb,GOWEI
欧美ins风格,其他,8c6eebd6804114dfe075666e4892edcb,GOWEI
短途旅行,其他,8c6eebd6804114dfe075666e4892edcb,GOWEI
可定制,其他,8c6eebd6804114dfe075666e4892edcb,GOWEI
图片,其他,c0edff2f1f96cb093db0bd05dee48b8c,GOWEI
GOWEI,企业文化,c0edff2f1f96cb093db0bd05dee48b8c,GOWEI
电动三轮车,产品,c0edff2f1f96cb093db0bd05dee48b8c,GOWEI
自卸货功能,产品,c0edff2f1f96cb093db0bd05dee48b8c,GOWEI
货斗,其他,c0edff2f1f96cb093db0bd05dee48b8c,GOWEI
卸货机制,其他,c0edff2f1f96cb093db0bd05dee48b8c,GOWEI
运输较小型货物,其他,c0edff2f1f96cb093db0bd05dee48b8c,GOWEI
电动驱动方式,科技,c0edff2f1f96cb093db0bd05dee48b8c,GOWEI
节能减排,科技,c0edff2f1f96cb093db0bd05dee48b8c,GOWEI
城市街道,其他,c0edff2f1f96cb093db0bd05dee48b8c,GOWEI
现代建筑,其他,c0edff2f1f96cb093db0bd05dee48b8c,GOWEI
商业区,其他,c0edff2f1f96cb093db0bd05dee48b8c,GOWEI
工业区,其他,c0edff2f1f96cb093db0bd05dee48b8c,GOWEI
GOWEI自卸货功能电动三轮车,产品,c0edff2f1f96cb093db0bd05dee48b8c,GOWEI
照片,其他,9bdb963b7054f9f03c2cbec28e73e8b0,GOWEI
GOWEI,企业文化,9bdb963b7054f9f03c2cbec28e73e8b0,GOWEI
蓝色电动自卸三轮车,产品,9bdb963b7054f9f03c2cbec28e73e8b0,GOWEI
圆形LED大灯,其他,9bdb963b7054f9f03c2cbec28e73e8b0,GOWEI
后视镜,其他,9bdb963b7054f9f03c2cbec28e73e8b0,GOWEI
停车场,其他,9bdb963b7054f9f03c2cbec28e73e8b0,GOWEI
高楼大厦,其他,9bdb963b7054f9f03c2cbec28e73e8b0,GOWEI
绿色的树木,其他,9bdb963b7054f9f03c2cbec28e73e8b0,GOWEI
GOWEI自卸货功能电动三轮车,产品,9bdb963b7054f9f03c2cbec28e73e8b0,GOWEI
GW-N60,产品,dfe90b0e0e35a21b6a5d4e5ca65a5299,GOWEI
电摩,产品,dfe90b0e0e35a21b6a5d4e5ca65a5299,GOWEI
蓝色,其他,dfe90b0e0e35a21b6a5d4e5ca65a5299,GOWEI
灰色,其他,dfe90b0e0e35a21b6a5d4e5ca65a5299,GOWEI
绿色,其他,dfe90b0e0e35a21b6a5d4e5ca65a5299,GOWEI
白色,其他,dfe90b0e0e35a21b6a5d4e5ca65a5299,GOWEI
72V30AH/60V30AH电池,科技,dfe90b0e0e35a21b6a5d4e5ca65a5299,GOWEI
215电机,科技,dfe90b0e0e35a21b6a5d4e5ca65a5299,GOWEI
12管集成控制器,科技,dfe90b0e0e35a21b6a5d4e5ca65a5299,GOWEI
铝轮,科技,dfe90b0e0e35a21b6a5d4e5ca65a5299,GOWEI
前后碟刹,科技,dfe90b0e0e35a21b6a5d4e5ca65a5299,GOWEI
液压杆套前减,科技,dfe90b0e0e35a21b6a5d4e5ca65a5299,GOWEI
双管液压后减,科技,dfe90b0e0e35a21b6a5d4e5ca65a5299,GOWEI
300-10轮胎,科技,dfe90b0e0e35a21b6a5d4e5ca65a5299,GOWEI
铝单撑,科技,dfe90b0e0e35a21b6a5d4e5ca65a5299,GOWEI
超大座筒,科技,dfe90b0e0e35a21b6a5d4e5ca65a5299,GOWEI
带P档,科技,dfe90b0e0e35a21b6a5d4e5ca65a5299,GOWEI
USB接口,科技,dfe90b0e0e35a21b6a5d4e5ca65a5299,GOWEI
新款黑霉仪表,科技,dfe90b0e0e35a21b6a5d4e5ca65a5299,GOWEI
铝衣架,科技,dfe90b0e0e35a21b6a5d4e5ca65a5299,GOWEI
专用靠背,科技,dfe90b0e0e35a21b6a5d4e5ca65a5299,GOWEI
GW-N60,产品,32c71510e6ac98d31139468620f89daa,GOWEI
电摩,产品,32c71510e6ac98d31139468620f89daa,GOWEI
停车场,其他,32c71510e6ac98d31139468620f89daa,GOWEI
蓝色,其他,32c71510e6ac98d31139468620f89daa,GOWEI
灰色,其他,32c71510e6ac98d31139468620f89daa,GOWEI
绿色,其他,32c71510e6ac98d31139468620f89daa,GOWEI
黑色,其他,32c71510e6ac98d31139468620f89daa,GOWEI
高配置,其他,32c71510e6ac98d31139468620f89daa,GOWEI
外卖车,产品,32c71510e6ac98d31139468620f89daa,GOWEI
新车型,其他,32c71510e6ac98d31139468620f89daa,GOWEI
可定制,其他,32c71510e6ac98d31139468620f89daa,GOWEI
动力和刹车系统,其他,32c71510e6ac98d31139468620f89daa,GOWEI
操控性,其他,32c71510e6ac98d31139468620f89daa,GOWEI
续航远,其他,32c71510e6ac98d31139468620f89daa,GOWEI
超大储物箱,其他,32c71510e6ac98d31139468620f89daa,GOWEI
多种颜色,其他,32c71510e6ac98d31139468620f89daa,GOWEI
OEM定制,其他,32c71510e6ac98d31139468620f89daa,GOWEI
GW-LN,产品,5cb9db2fcb029d02018150508ce4ef74,GOWEI
休闲电动踏板车,产品,5cb9db2fcb029d02018150508ce4ef74,GOWEI
户外停车场,其他,5cb9db2fcb029d02018150508ce4ef74,GOWEI
马卡龙配色,其他,5cb9db2fcb029d02018150508ce4ef74,GOWEI
蓝色,其他,5cb9db2fcb029d02018150508ce4ef74,GOWEI
粉色,其他,5cb9db2fcb029d02018150508ce4ef74,GOWEI
白色,其他,5cb9db2fcb029d02018150508ce4ef74,GOWEI
灰色,其他,5cb9db2fcb029d02018150508ce4ef74,GOWEI
前碟后鼓刹,其他,5cb9db2fcb029d02018150508ce4ef74,GOWEI
213电机500W,其他,5cb9db2fcb029d02018150508ce4ef74,GOWEI
9管集成控制器,其他,5cb9db2fcb029d02018150508ce4ef74,GOWEI
双摇控,其他,5cb9db2fcb029d02018150508ce4ef74,GOWEI
黑莓屏仪表,其他,5cb9db2fcb029d02018150508ce4ef74,GOWEI
300-10真空胎,其他,5cb9db2fcb029d02018150508ce4ef74,GOWEI
分体座垫,其他,5cb9db2fcb029d02018150508ce4ef74,GOWEI
带USB接口,其他,5cb9db2fcb029d02018150508ce4ef74,GOWEI
带加宽搁脚,其他,5cb9db2fcb029d02018150508ce4ef74,GOWEI
衣架,其他,5cb9db2fcb029d02018150508ce4ef74,GOWEI
尾箱,其他,5cb9db2fcb029d02018150508ce4ef74,GOWEI
